2023-01-03,24.036,24.455,23.871,24.354,22224.0
2023-01-04,24.355,24.541,23.932,24.13,97270.0
2023-01-05,24.131,24.45,23.575,23.755,97550.0
2023-01-06,23.755,23.856,23.105,23.344,95402.0
2023-01-07,23.339,23.906,23.201,23.771,78982.0
2023-01-09,23.86,24.079,23.809,23.989,18710.0
2023-01-10,23.993,24.093,23.478,23.525,85036.0
2023-01-11,23.525,23.76,23.413,23.658,81137.0
2023-01-12,23.658,24.032,23.197,23.608,82275.0
2023-01-13,23.599,24.174,23.261,23.742,105950.0
2023-01-14,23.743,24.287,23.485,24.248,76107.0
2023-01-16,24.246,24.498,24.192,24.418,15840.0
2023-01-17,24.417,24.443,23.917,24.178,51473.0
2023-01-18,24.178,24.229,23.72,23.947,92902.0
2023-01-19,23.947,24.336,23.232,23.454,109133.0
2023-01-20,23.452,24.005,23.15,23.783,98703.0
2023-01-21,23.783,24.068,23.689,23.907,70188.0
2023-01-23,23.897,24.15,23.872,23.974,10687.0
2023-01-24,23.979,23.992,22.743,23.516,78528.0
2023-01-25,23.525,23.733,23.201,23.516,80428.0
2023-01-26,23.516,23.966,23.319,23.847,78110.0
2023-01-27,23.845,24.283,23.584,23.816,89315.0
2023-01-28,23.817,23.848,23.28,23.573,63365.0
2023-01-30,23.534,23.797,23.534,23.694,17812.0
2023-01-31,23.694,23.784,23.524,23.62,72166.0
2023-02-01,23.625,23.757,22.959,23.665,82289.0
2023-02-02,23.651,24.275,23.334,24.187,101998.0
2023-02-03,24.181,24.627,23.402,23.516,108512.0
2023-02-04,23.512,23.555,22.272,22.34,99611.0
2023-02-06,22.251,22.511,22.175,22.493,20358.0
2023-02-07,22.494,22.604,22.132,22.318,81624.0
2023-02-08,22.319,22.45,22.029,22.324,104455.0
2023-02-09,22.325,22.527,22.198,22.382,74745.0
2023-02-10,22.394,22.583,21.83,21.872,87548.0
2023-02-11,21.874,22.295,21.819,21.969,73118.0
2023-02-13,21.965,22.017,21.805,21.816,14420.0
2023-02-14,21.811,22.072,21.775,21.968,64857.0
2023-02-15,21.973,22.03,21.588,21.753,108059.0
2023-02-16,21.751,21.805,21.406,21.741,83754.0
2023-02-17,21.752,21.766,21.415,21.461,89617.0
2023-02-18,21.456,21.799,21.16,21.689,71235.0
2023-02-20,21.657,21.769,21.539,21.706,11705.0
2023-02-21,21.703,21.898,21.668,21.701,32851.0
2023-02-22,21.702,21.952,21.628,21.826,54716.0
2023-02-23,21.827,21.918,21.427,21.638,53736.0
2023-02-24,21.638,21.66,21.251,21.29,49690.0
2023-02-25,21.29,21.323,20.726,20.753,33898.0
2023-02-27,20.753,20.826,20.553,20.625,12909.0
2023-02-28,20.624,20.798,20.541,20.588,41865.0
2023-03-01,20.589,21.087,20.407,21.056,46018.0
2023-03-02,21.059,21.17,20.811,20.954,53904.0
2023-03-03,20.95,21.056,20.661,20.981,46995.0
2023-03-04,20.982,21.255,20.842,21.225,34718.0
2023-03-06,21.224,21.297,21.128,21.227,12407.0
2023-03-07,21.231,21.297,20.966,21.066,43370.0
2023-03-08,21.071,21.133,19.899,19.992,49410.0
2023-03-09,19.992,20.218,19.955,20.029,45575.0
2023-03-10,20.027,20.286,19.888,19.938,45821.0
2023-03-11,19.936,20.63,19.911,20.535,46311.0
2023-03-12,20.535,20.535,20.535,20.535,0.0
2023-03-13,20.535,20.858,20.535,20.76,21932.0
2023-03-14,20.757,21.921,20.65,21.638,92329.0
2023-03-15,21.638,21.96,21.495,21.714,72232.0
2023-03-16,21.715,22.374,21.521,21.772,86660.0
2023-03-17,21.768,21.964,21.458,21.958,70395.0
2023-03-18,21.96,22.596,21.796,22.561,47944.0
2023-03-20,22.4,22.428,22.215,22.317,18982.0
2023-03-21,22.31,22.708,22.236,22.493,70694.0
2023-03-22,22.494,22.612,22.155,22.347,50229.0
2023-03-23,22.339,23.087,22.26,22.988,61673.0
2023-03-24,22.987,23.167,22.772,23.102,58689.0
2023-03-25,23.093,23.519,22.95,23.21,53982.0
2023-03-27,23.244,23.267,23.011,23.057,13342.0
2023-03-28,23.052,23.178,22.845,23.009,45238.0
2023-03-29,23.01,23.359,22.808,23.201,44488.0
2023-03-30,23.205,23.409,23.031,23.348,42228.0
2023-03-31,23.337,23.955,23.327,23.883,50224.0
2023-04-01,23.884,24.141,23.675,24.075,37249.0
2023-04-03,24.105,24.12,23.551,23.568,15679.0
2023-04-04,23.569,24.043,23.565,23.857,44982.0
2023-04-05,23.856,25.126,23.811,25.056,42149.0
2023-04-06,25.058,25.073,24.672,24.781,45617.0
2023-04-07,24.78,24.995,24.556,24.965,33110.0
2023-04-10,24.965,24.988,24.719,24.746,10948.0
2023-04-11,24.746,25.057,24.701,24.908,29891.0
2023-04-12,24.908,25.363,24.825,25.329,42400.0
2023-04-13,25.324,25.644,25.05,25.473,54607.0
2023-04-14,25.476,26.059,25.376,26.043,47422.0
2023-04-15,26.041,26.065,25.162,25.317,42281.0
2023-04-17,25.258,25.383,25.147,25.283,12641.0
2023-04-18,25.285,25.599,24.79,25.033,43071.0
2023-04-19,25.03,25.313,25.011,25.162,38995.0
2023-04-20,25.162,25.372,24.628,25.133,53790.0
2023-04-21,25.133,25.487,25.042,25.214,41736.0
2023-04-22,25.206,25.375,24.894,25.071,37999.0
2023-04-24,25.047,25.11,24.851,24.887,9903.0
2023-04-25,24.89,25.351,24.771,25.14,39338.0
2023-04-26,25.14,25.171,24.482,24.95,48371.0
2023-04-27,24.945,25.083,24.716,25.048,42530.0
2023-04-28,25.044,25.109,24.495,24.946,42392.0
2023-04-29,24.947,25.053,24.712,25.045,41839.0
2023-05-01,25.13,25.156,24.911,25.038,5784.0
2023-05-02,25.037,25.902,24.806,24.869,32239.0
2023-05-03,24.87,25.476,24.619,25.318,43554.0
2023-05-04,25.318,25.885,25.195,25.733,50506.0
2023-05-05,25.737,26.123,25.425,25.995,60784.0
2023-05-06,25.995,26.057,25.366,25.651,34732.0
2023-05-08,25.644,25.7,25.515,25.699,8356.0
2023-05-09,25.698,25.726,25.495,25.617,30513.0
2023-05-10,25.617,25.686,25.308,25.595,34634.0
2023-05-11,25.594,25.911,25.284,25.325,44020.0
2023-05-12,25.325,25.351,23.936,24.004,49156.0
2023-05-13,24.0,24.055,23.727,23.994,31409.0
2023-05-15,23.994,24.111,23.929,23.976,8630.0
2023-05-16,23.975,24.171,23.903,24.032,34023.0
2023-05-17,24.031,24.051,23.621,23.735,42646.0
2023-05-18,23.734,23.872,23.525,23.687,41407.0
2023-05-19,23.691,23.692,23.315,23.608,36351.0
2023-05-20,23.605,24.006,23.512,23.805,35487.0
2023-05-22,23.819,23.908,23.687,23.748,10953.0
2023-05-23,23.749,23.909,23.498,23.555,40729.0
2023-05-24,23.554,23.629,23.092,23.41,42034.0
2023-05-25,23.411,23.526,22.894,23.014,36477.0
2023-05-26,23.014,23.139,22.657,22.911,36231.0
2023-05-27,22.911,23.313,22.899,23.285,27486.0
2023-05-29,23.243,23.316,23.201,23.216,9301.0
2023-05-30,23.216,23.366,23.007,23.016,25030.0
2023-05-31,23.017,23.33,22.913,23.13,40903.0
2023-06-01,23.129,23.597,22.99,23.516,44018.0
2023-06-02,23.514,24.012,23.228,23.955,39514.0
2023-06-03,23.955,23.999,23.565,23.63,34822.0
2023-06-05,23.63,23.63,23.491,23.555,8505.0
2023-06-06,23.556,23.634,23.353,23.579,30534.0
2023-06-07,23.587,23.766,23.345,23.538,38641.0
2023-06-08,23.541,24.046,23.384,23.546,35705.0
2023-06-09,23.54,24.352,23.527,24.251,37393.0
2023-06-10,24.252,24.428,24.204,24.265,24228.0
2023-06-12,24.265,24.265,24.057,24.12,8049.0
2023-06-13,24.118,24.296,23.864,24.155,35963.0
2023-06-14,24.153,24.395,23.622,23.829,43117.0
2023-06-15,23.829,24.072,23.4,23.441,39402.0
2023-06-16,23.448,23.976,23.219,23.888,47517.0
2023-06-17,23.887,24.2,23.822,24.154,39408.0
2023-06-19,24.112,24.175,24.014,24.084,7868.0
2023-06-20,24.084,24.167,23.827,23.918,28424.0
2023-06-21,23.918,23.991,23.074,23.145,44794.0
2023-06-22,23.141,23.145,22.478,22.628,41810.0
2023-06-23,22.62,22.659,22.098,22.136,46703.0
2023-06-24,22.134,22.577,22.116,22.423,40061.0
2023-06-26,22.419,22.809,22.395,22.723,11387.0
2023-06-27,22.731,22.982,22.58,22.925,35803.0
2023-06-28,22.926,23.037,22.745,22.88,48990.0
2023-06-29,22.88,22.951,22.613,22.739,39982.0
2023-06-30,22.738,22.857,22.339,22.609,45093.0
2023-07-01,22.612,22.791,22.329,22.745,26851.0
2023-07-03,22.762,22.821,22.697,22.802,5781.0
2023-07-04,22.802,22.999,22.687,22.908,28748.0
2023-07-05,22.908,23.034,22.865,22.912,19448.0
2023-07-06,22.912,23.301,22.753,23.097,34738.0
2023-07-07,23.097,23.247,22.563,22.679,33042.0
2023-07-08,22.676,23.132,22.538,23.082,30232.0
2023-07-10,23.082,23.144,23.004,23.046,6717.0
2023-07-11,23.046,23.309,22.737,23.206,30892.0
2023-07-12,23.205,23.377,23.053,23.218,31199.0
2023-07-13,23.219,24.239,23.107,24.194,37131.0
2023-07-14,24.205,24.894,24.085,24.843,41561.0
2023-07-15,24.846,24.998,24.662,24.929,30901.0
2023-07-17,24.895,24.935,24.721,24.768,7881.0
2023-07-18,24.768,25.037,24.583,24.865,34383.0
2023-07-19,24.859,25.166,24.75,25.028,36792.0
2023-07-20,25.032,25.258,24.934,25.201,37058.0
2023-07-21,25.2,25.257,24.739,24.799,35912.0
2023-07-22,24.797,24.91,24.57,24.592,24811.0
2023-07-24,24.592,24.719,24.554,24.561,8763.0
2023-07-25,24.564,24.669,24.275,24.519,34179.0
2023-07-26,24.519,24.711,24.449,24.61,28133.0
2023-07-27,24.615,25.128,24.506,25.047,40757.0
2023-07-28,25.047,25.099,24.034,24.217,51555.0
2023-07-29,24.216,24.386,24.114,24.308,26043.0
2023-07-31,24.32,24.385,24.229,24.229,7417.0
2023-08-01,24.234,24.831,24.183,24.647,41949.0
2023-08-02,24.65,24.65,24.116,24.327,48720.0
2023-08-03,24.325,24.481,23.616,23.67,50965.0
2023-08-04,23.681,23.703,23.381,23.521,50788.0
2023-08-05,23.521,23.786,23.201,23.624,46367.0
2023-08-07,23.599,23.671,23.516,23.534,6062.0
2023-08-08,23.534,23.575,23.045,23.121,33944.0
2023-08-09,23.124,23.179,22.649,22.901,41610.0
2023-08-10,22.9,22.93,22.609,22.692,33612.0
2023-08-11,22.692,22.993,22.609,22.705,49756.0
2023-08-12,22.717,22.836,22.559,22.675,35616.0
2023-08-14,22.641,22.705,22.509,22.587,7327.0
2023-08-15,22.588,22.755,22.353,22.635,34002.0
2023-08-16,22.635,22.703,22.21,22.56,51787.0
2023-08-17,22.564,22.78,22.263,22.441,44571.0
2023-08-18,22.441,23.004,22.427,22.836,51709.0
2023-08-19,22.829,22.854,22.618,22.735,35230.0
2023-08-21,22.717,22.846,22.649,22.816,8177.0
2023-08-22,22.814,23.373,22.713,23.274,47546.0
2023-08-23,23.276,23.542,23.19,23.519,44804.0
2023-08-24,23.524,24.35,23.511,24.251,48331.0
2023-08-25,24.25,24.318,24.009,24.029,44902.0
2023-08-26,24.03,24.373,23.903,24.216,49896.0
2023-08-28,24.211,24.314,24.142,24.185,6607.0
2023-08-29,24.18,24.346,24.029,24.317,30359.0
2023-08-30,24.31,24.787,24.153,24.616,47324.0
2023-08-31,24.617,25.005,24.511,24.565,44633.0
2023-09-01,24.566,24.652,24.358,24.411,42446.0
2023-09-02,24.41,24.816,24.101,24.149,46121.0
2023-09-04,24.178,24.286,24.086,24.258,7160.0
2023-09-05,24.255,24.269,23.837,23.866,23679.0
2023-09-06,23.864,23.886,23.459,23.54,49314.0
2023-09-07,23.54,23.587,22.989,23.129,46662.0
2023-09-08,23.13,23.137,22.827,23.072,38208.0
2023-09-09,23.072,23.165,22.844,22.908,28820.0
2023-09-11,22.892,23.055,22.881,23.016,8812.0
2023-09-12,23.017,23.216,22.936,23.163,35490.0
2023-09-13,23.168,23.168,22.82,22.873,38250.0
2023-09-14,22.882,23.018,22.729,22.753,52734.0
2023-09-15,22.753,22.948,22.286,22.857,62130.0
2023-09-16,22.861,23.285,22.854,23.022,45606.0
2023-09-18,23.022,23.19,23.003,23.117,10497.0
2023-09-19,23.119,23.294,22.946,23.181,38281.0
2023-09-20,23.18,23.415,23.033,23.058,36237.0
2023-09-21,23.056,23.585,23.018,23.139,52335.0
2023-09-22,23.143,23.506,22.799,23.495,52068.0
2023-09-23,23.489,23.765,23.487,23.497,36604.0
2023-09-25,23.504,23.597,23.447,23.479,6551.0
2023-09-26,23.478,23.641,22.94,22.956,39148.0
2023-09-27,22.959,23.083,22.703,22.761,42605.0
2023-09-28,22.761,22.869,22.395,22.495,46390.0
2023-09-29,22.495,22.85,22.384,22.831,54057.0
2023-09-30,22.831,23.549,22.106,22.169,56279.0
2023-10-02,22.146,22.183,21.811,21.83,6998.0
2023-10-03,21.831,21.891,20.652,20.947,70175.0
2023-10-04,20.948,21.39,20.909,21.007,74005.0
2023-10-05,21.012,21.393,20.673,21.205,71042.0
2023-10-06,21.199,21.288,20.696,21.007,50674.0
2023-10-07,21.0,21.611,20.79,21.527,65643.0
2023-10-09,21.756,22.006,21.681,21.802,17434.0
2023-10-10,21.805,21.953,21.554,21.79,48799.0
2023-10-11,21.79,21.897,21.614,21.828,42987.0
2023-10-12,21.828,22.142,21.804,22.098,46700.0
2023-10-13,22.093,22.233,21.739,21.925,45155.0
2023-10-14,21.925,22.809,21.923,22.716,58004.0
2023-10-16,22.716,22.716,22.579,22.698,6551.0
2023-10-17,22.695,22.715,22.357,22.497,42088.0
2023-10-18,22.497,23.155,22.44,23.08,50499.0
2023-10-19,23.082,23.313,22.666,22.807,57385.0
2023-10-20,22.808,23.119,22.627,22.942,72982.0
2023-10-21,22.939,23.691,22.863,23.35,53661.0
2023-10-23,22.933,23.286,22.927,23.27,9269.0
2023-10-24,23.271,23.326,22.903,23.139,50072.0
2023-10-25,23.139,23.199,22.645,22.906,53544.0
2023-10-26,22.906,22.998,22.54,22.937,50158.0
2023-10-27,22.94,23.132,22.433,22.869,55120.0
2023-10-28,22.871,23.115,22.645,23.1,45858.0
2023-10-29,23.1,23.1,23.1,23.1,0.0
2023-10-30,23.1,23.162,23.028,23.098,9835.0
2023-10-31,23.104,23.596,23.023,23.13,48372.0
2023-11-01,23.13,23.308,22.601,22.633,52425.0
2023-11-02,22.622,23.051,22.527,23.0,60220.0
2023-11-03,22.992,23.116,22.627,22.695,46966.0
2023-11-04,22.695,23.296,22.577,23.196,59541.0
2023-11-05,23.196,23.196,23.196,23.196,0.0
2023-11-06,23.196,23.236,23.086,23.131,8174.0
2023-11-07,23.132,23.248,22.849,22.867,43289.0
2023-11-08,22.868,22.899,22.413,22.476,51243.0
2023-11-09,22.484,22.838,22.284,22.4,43777.0
2023-11-10,22.398,22.982,22.344,22.701,56382.0
2023-11-11,22.7,22.717,22.179,22.238,45715.0
2023-11-13,22.245,22.336,21.977,22.011,8082.0
2023-11-14,22.003,22.391,21.867,22.336,44434.0
2023-11-15,22.337,23.184,22.227,23.156,60538.0
2023-11-16,23.158,23.612,23.137,23.424,58741.0
2023-11-17,23.426,24.071,23.376,23.802,65041.0
2023-11-18,23.803,24.136,23.649,23.699,48423.0
2023-11-20,23.673,23.803,23.55,23.708,12119.0
2023-11-21,23.708,23.799,23.231,23.776,63736.0
2023-11-22,23.777,24.009,23.477,23.804,66569.0
2023-11-23,23.803,23.938,23.528,23.69,68032.0
2023-11-24,23.69,23.783,23.595,23.727,32710.0
2023-11-25,23.728,24.307,23.554,24.294,35879.0
2023-11-27,24.309,24.809,24.245,24.658,18175.0
2023-11-28,24.659,24.87,24.552,24.612,55280.0
2023-11-29,24.609,25.194,24.54,25.027,60727.0
2023-11-30,25.026,25.251,24.831,24.973,66915.0
2023-12-01,24.969,25.46,24.916,25.28,64864.0
2023-12-02,25.288,25.514,25.077,25.471,61982.0
2023-12-04,25.433,25.912,25.376,25.438,29331.0
2023-12-05,25.435,25.536,24.399,24.537,88782.0
2023-12-06,24.536,24.603,23.952,24.235,73076.0
2023-12-07,24.237,24.351,23.777,23.805,63097.0
2023-12-08,23.805,24.018,23.566,23.822,63670.0
2023-12-09,23.822,23.863,22.929,22.988,68349.0
2023-12-11,22.986,23.094,22.9,22.932,10479.0
2023-12-12,22.932,23.08,22.708,22.919,52078.0
2023-12-13,22.918,23.145,22.614,22.658,52818.0
2023-12-14,22.655,23.977,22.498,23.82,75593.0
2023-12-15,23.82,24.209,23.794,24.122,84174.0
2023-12-16,24.122,24.279,23.746,23.853,64122.0
2023-12-18,23.821,23.923,23.705,23.902,9783.0
2023-12-19,23.899,24.047,23.648,23.829,52440.0
2023-12-20,23.828,24.161,23.788,24.108,51429.0
2023-12-21,24.109,24.427,23.941,24.272,54451.0
2023-12-22,24.272,24.497,23.986,24.394,58160.0
2023-12-23,24.395,24.595,24.078,24.183,54656.0
2023-12-26,24.183,24.392,23.98,24.383,4433.0
2023-12-27,24.38,24.407,24.049,24.19,31784.0
2023-12-28,24.191,24.48,23.935,24.42,52153.0
2023-12-29,24.421,24.453,23.789,23.813,51256.0
2023-12-30,23.812,23.973,23.525,23.776,45452.0
2024-01-02,23.805,23.95,23.763,23.92,9184.0
2024-01-03,23.919,24.086,23.611,23.675,58807.0
2024-01-04,23.671,23.678,22.826,22.947,73529.0
2024-01-05,22.947,23.188,22.676,23.101,48469.0
2024-01-06,23.105,23.507,22.762,23.182,71528.0
2024-01-08,23.118,23.202,22.996,23.006,8030.0
2024-01-09,23.008,23.196,22.825,23.126,58148.0
2024-01-10,23.126,23.364,22.883,22.939,53021.0
2024-01-11,22.936,23.097,22.763,23.01,50813.0
2024-01-12,23.006,23.192,22.462,22.87,84230.0
2024-01-13,22.87,23.523,22.804,23.175,62582.0
2024-01-15,23.158,23.325,23.103,23.241,7207.0
2024-01-16,23.243,23.297,23.07,23.131,28239.0
2024-01-17,23.129,23.207,22.784,22.843,70858.0
2024-01-18,22.847,22.873,22.495,22.591,63557.0
2024-01-19,22.592,22.785,22.33,22.68,53226.0
2024-01-20,22.681,22.835,22.45,22.598,47665.0
2024-01-22,22.588,22.654,22.489,22.504,8662.0
2024-01-23,22.506,22.506,21.91,22.29,57431.0
2024-01-24,22.288,22.459,22.206,22.37,47249.0
2024-01-25,22.369,22.952,22.325,22.722,66000.0
2024-01-26,22.727,23.015,22.707,22.886,60269.0
2024-01-27,22.89,22.973,22.688,22.778,37356.0
2024-01-29,22.778,22.969,22.778,22.915,8831.0
2024-01-30,22.913,23.235,22.757,23.128,43876.0
2024-01-31,23.13,23.295,22.927,23.075,46750.0
2024-02-01,23.074,23.316,22.765,22.986,79156.0
2024-02-02,22.981,23.247,22.499,23.152,73877.0
2024-02-03,23.158,23.242,22.388,22.673,62524.0
2024-02-05,22.709,22.714,22.502,22.54,10973.0
2024-02-06,22.537,22.59,22.226,22.361,53260.0
2024-02-07,22.36,22.478,22.246,22.333,43838.0
2024-02-08,22.333,22.438,22.148,22.243,43617.0
2024-02-09,22.244,22.655,22.129,22.605,44122.0
2024-02-10,22.604,22.713,22.35,22.591,34389.0
2024-02-12,22.539,22.719,22.529,22.694,2919.0
2024-02-13,22.694,23.067,22.505,22.703,35048.0
2024-02-14,22.703,22.933,21.966,22.027,55980.0
2024-02-15,22.031,22.479,21.921,22.404,44691.0
2024-02-16,22.403,23.03,22.398,22.954,54153.0
2024-02-17,22.956,23.492,22.776,23.398,45399.0
2024-02-19,23.398,23.442,23.007,23.082,9969.0
2024-02-20,23.086,23.167,22.908,22.965,20253.0
2024-02-21,22.964,23.184,22.902,23.149,42398.0
2024-02-22,23.154,23.17,22.608,22.966,46403.0
2024-02-23,22.962,23.154,22.671,22.772,49575.0
2024-02-24,22.773,22.992,22.542,22.938,42721.0
2024-02-26,22.928,22.928,22.757,22.821,5935.0
2024-02-27,22.824,22.864,22.435,22.531,44571.0
2024-02-28,22.53,22.706,22.367,22.405,36962.0
2024-02-29,22.405,22.524,22.261,22.494,34085.0
2024-03-01,22.494,22.78,22.297,22.732,36773.0
2024-03-02,22.732,23.261,22.494,23.106,43121.0
2024-03-04,23.098,23.173,23.013,23.034,6628.0
2024-03-05,23.028,23.949,23.008,23.719,50748.0
2024-03-06,23.722,24.22,23.558,23.614,63817.0
2024-03-07,23.617,24.297,23.609,24.188,67005.0
2024-03-08,24.185,24.495,23.995,24.336,54533.0
2024-03-09,24.338,24.625,24.159,24.305,63345.0
2024-03-10,24.305,24.305,24.305,24.305,0.0
2024-03-11,24.305,24.455,24.224,24.266,8986.0
2024-03-12,24.266,24.526,24.248,24.468,49151.0
2024-03-13,24.468,24.674,23.96,24.099,67667.0
2024-03-14,24.099,25.149,24.089,24.958,61326.0
2024-03-15,24.958,25.088,24.72,24.989,57851.0
2024-03-16,24.991,25.437,24.968,25.173,52157.0
2024-03-17,25.173,25.173,25.173,25.173,0.0
2024-03-18,25.173,25.176,24.934,24.989,8369.0
2024-03-19,24.99,25.321,24.963,25.106,45635.0
2024-03-20,25.105,25.113,24.718,24.874,52116.0
2024-03-21,24.877,25.768,24.734,25.625,78458.0
2024-03-22,25.626,25.736,24.489,24.527,82928.0
2024-03-23,24.524,24.939,24.386,24.658,52987.0
2024-03-24,24.658,24.658,24.658,24.658,0.0
2024-03-25,24.658,24.884,24.584,24.682,13718.0
2024-03-26,24.684,24.849,24.536,24.64,49981.0
2024-03-27,24.626,24.884,24.307,24.447,70478.0
2024-03-28,24.438,24.717,24.386,24.677,54363.0
2024-03-29,24.684,25.001,24.374,24.951,63441.0
2024-04-01,24.985,25.284,24.972,25.243,16068.0
2024-04-02,25.25,25.377,24.732,25.25,56945.0
2024-04-03,25.246,26.551,25.235,26.377,84264.0
2024-04-04,26.375,27.327,26.157,27.098,96014.0
2024-04-05,27.097,27.274,26.271,26.498,86122.0
2024-04-06,26.504,27.491,26.34,27.473,85158.0
2024-04-08,27.388,28.077,26.843,27.871,36586.0
2024-04-09,27.876,28.131,27.22,27.779,109633.0
2024-04-10,27.784,28.315,27.602,28.098,112073.0
2024-04-11,28.099,28.512,27.514,27.981,128119.0
2024-04-12,27.983,28.931,27.751,28.756,104487.0
2024-04-13,28.758,29.787,27.839,27.845,136552.0
2024-04-15,28.102,28.354,27.573,28.212,34652.0
2024-04-16,28.213,29.008,28.086,28.821,124607.0
2024-04-17,28.819,28.86,27.937,28.133,124543.0
2024-04-18,28.136,28.797,28.035,28.383,113099.0
2024-04-19,28.382,28.934,28.069,28.335,125682.0
2024-04-20,28.335,28.779,28.054,28.667,90110.0
2024-04-22,28.689,28.705,27.779,28.001,21099.0
2024-04-23,28.001,28.061,26.755,26.936,114191.0
2024-04-24,26.939,27.46,26.648,27.438,99589.0
2024-04-25,27.438,27.48,26.965,27.106,88904.0
2024-04-26,27.101,27.571,27.044,27.471,100838.0
2024-04-27,27.469,27.724,27.07,27.196,76966.0
2024-04-29,27.172,27.255,26.926,27.223,15903.0
2024-04-30,27.23,27.427,26.843,26.938,94064.0
2024-05-01,26.937,26.937,26.23,26.38,83476.0
2024-05-02,26.4,26.962,26.176,26.565,105982.0
2024-05-03,26.564,26.761,26.003,26.634,80582.0
2024-05-04,26.636,26.874,26.105,26.539,79465.0
2024-05-06,26.572,26.992,26.414,26.896,17804.0
2024-05-07,26.896,27.506,26.826,27.386,64309.0
2024-05-08,27.389,27.516,27.067,27.346,72961.0
2024-05-09,27.342,27.503,26.997,27.457,54043.0
2024-05-10,27.466,28.473,27.46,28.359,76700.0
2024-05-11,28.359,28.761,28.03,28.146,78842.0
2024-05-13,28.181,28.226,27.951,28.094,14254.0
2024-05-14,28.095,28.415,27.962,28.4,74134.0
2024-05-15,28.4,28.734,27.98,28.576,92325.0
2024-05-16,28.575,29.84,28.501,29.546,130014.0
2024-05-17,29.55,29.727,29.314,29.506,100233.0
2024-05-18,29.509,31.589,29.465,31.503,110715.0
2024-05-20,31.529,32.504,31.276,32.318,32254.0
2024-05-21,32.318,32.493,30.928,31.394,175978.0
2024-05-22,31.394,32.275,31.199,31.674,127425.0
2024-05-23,31.673,31.906,30.231,30.524,152810.0
2024-05-24,30.524,30.936,29.923,30.236,159224.0
2024-05-25,30.237,30.617,30.204,30.336,77994.0
2024-05-27,30.352,30.854,30.341,30.806,15755.0
2024-05-28,30.808,31.875,30.708,31.738,89894.0
2024-05-29,31.735,32.239,31.23,32.079,135668.0
2024-05-30,32.079,32.292,31.264,31.596,139704.0
2024-05-31,31.597,31.795,30.76,30.939,141751.0
2024-06-01,30.93,31.759,30.178,30.385,134397.0
2024-06-03,30.423,30.626,30.101,30.156,25002.0
2024-06-04,30.159,30.881,29.766,30.561,134943.0
2024-06-05,30.56,30.791,29.365,29.687,142883.0
2024-06-06,29.685,30.611,29.376,30.414,117792.0
2024-06-07,30.414,31.444,30.1,31.312,118489.0
2024-06-08,31.312,31.54,29.104,29.161,134249.0
2024-06-10,29.182,29.555,29.113,29.384,12579.0
2024-06-11,29.389,29.863,29.019,29.214,101489.0
2024-06-12,29.21,29.541,29.037,29.425,97082.0
2024-06-13,29.426,30.246,28.828,29.149,142442.0
2024-06-14,29.154,29.48,28.644,28.974,117602.0
2024-06-15,28.974,29.573,28.861,29.54,94424.0
2024-06-17,29.551,29.562,29.169,29.218,19699.0
2024-06-18,29.218,29.668,29.01,29.486,87172.0
2024-06-19,29.487,29.568,28.912,29.419,88991.0
2024-06-20,29.419,30.247,29.333,30.197,66461.0
2024-06-21,30.198,30.843,30.011,30.601,117025.0
2024-06-22,30.6,30.669,29.456,29.526,95880.0
2024-06-24,29.518,29.629,29.33,29.539,23235.0
2024-06-25,29.531,29.715,29.238,29.446,78809.0
2024-06-26,29.447,29.657,28.688,28.914,94884.0
2024-06-27,28.909,29.065,28.558,28.759,90331.0
2024-06-28,28.758,29.242,28.678,29.062,95953.0
2024-06-29,29.059,29.618,28.971,29.122,81695.0
2024-07-01,29.101,29.162,28.958,29.093,15776.0
2024-07-02,29.088,29.486,28.948,29.282,83089.0
2024-07-03,29.279,29.813,29.191,29.628,79309.0
2024-07-04,29.628,30.663,29.621,30.366,89847.0
2024-07-05,30.374,30.593,30.12,30.537,50544.0
2024-07-06,30.536,31.481,29.9,31.21,101953.0
2024-07-08,31.133,31.361,30.972,31.052,19698.0
2024-07-09,31.053,31.218,30.422,30.971,97155.0
2024-07-10,30.976,31.14,30.497,30.804,88824.0
2024-07-11,30.795,31.157,30.633,31.007,78829.0
2024-07-12,31.008,31.744,30.864,31.183,116035.0
2024-07-13,31.189,31.219,30.373,30.775,92160.0
2024-07-15,30.761,30.938,30.524,30.924,15264.0
2024-07-16,30.925,31.089,30.509,30.811,99671.0
2024-07-17,30.811,31.422,30.471,31.1,113808.0
2024-07-18,31.094,31.133,30.03,30.4,132374.0
2024-07-19,30.397,30.588,29.369,29.651,117473.0
2024-07-20,29.651,29.673,28.859,29.212,98184.0
2024-07-22,29.188,29.42,29.051,29.132,21081.0
2024-07-23,29.132,29.294,28.734,29.017,96270.0
2024-07-24,29.022,29.358,28.65,29.3,94138.0
2024-07-25,29.296,29.444,27.788,27.885,120301.0
2024-07-26,27.885,28.107,27.398,27.782,143930.0
2024-07-27,27.784,27.95,27.575,27.897,81821.0
2024-07-29,27.886,28.186,27.854,28.088,22033.0
2024-07-30,28.085,28.169,27.296,27.844,99706.0
2024-07-31,27.841,28.623,27.596,28.576,111634.0
2024-08-01,28.575,29.151,28.45,28.887,123568.0
2024-08-02,28.891,29.13,28.164,28.77,139170.0
2024-08-03,28.764,29.218,27.933,28.562,142030.0
2024-08-05,28.541,28.623,27.993,28.59,44201.0
2024-08-06,28.584,28.664,26.487,27.237,217036.0
2024-08-07,27.238,27.295,26.587,27.102,150094.0
2024-08-08,27.1,27.258,26.395,26.917,124319.0
2024-08-09,26.925,27.753,26.737,27.642,122169.0
2024-08-10,27.64,27.669,27.242,27.437,81794.0
2024-08-12,27.453,27.468,27.209,27.371,15690.0
2024-08-13,27.371,28.04,27.359,27.698,97271.0
2024-08-14,27.698,27.993,27.436,27.696,93327.0
2024-08-15,27.693,28.019,27.165,27.713,112281.0
2024-08-16,27.715,28.513,27.645,28.142,111797.0
2024-08-17,28.144,29.031,28.028,29.019,77345.0
2024-08-19,29.027,29.113,28.713,28.99,25584.0
2024-08-20,28.991,29.49,28.797,29.316,97454.0
2024-08-21,29.316,29.962,29.274,29.527,111470.0
2024-08-22,29.526,29.729,29.195,29.434,104851.0
2024-08-23,29.431,29.674,28.772,29.18,113729.0
2024-08-24,29.179,29.876,29.168,29.817,102596.0
2024-08-26,29.826,29.918,29.638,29.675,22865.0
2024-08-27,29.678,30.182,29.635,29.888,94401.0
2024-08-28,29.887,30.094,29.688,29.859,96419.0
2024-08-29,29.859,29.862,28.958,29.456,102045.0
2024-08-30,29.458,29.675,29.179,29.327,104358.0
2024-08-31,29.328,29.58,28.674,28.844,98712.0
2024-09-02,28.829,28.963,28.311,28.437,17883.0
2024-09-03,28.436,28.663,28.275,28.417,60211.0
2024-09-04,28.419,28.503,27.697,28.0,113207.0
2024-09-05,28.003,28.403,27.757,28.206,99142.0
2024-09-06,28.203,29.167,28.197,28.779,108272.0
2024-09-07,28.784,29.105,27.672,27.893,138096.0
2024-09-09,27.922,28.115,27.758,28.07,22037.0
2024-09-10,28.066,28.406,27.682,28.277,91496.0
2024-09-11,28.276,28.568,28.014,28.452,101729.0
2024-09-12,28.451,28.866,28.053,28.703,128630.0
2024-09-13,28.699,30.055,28.685,29.926,136289.0
2024-09-14,29.925,30.912,29.865,30.691,98021.0
2024-09-16,30.69,30.995,30.69,30.987,10775.0
2024-09-17,30.987,31.086,30.576,30.793,89271.0
2024-09-18,30.796,30.981,30.331,30.463,108134.0
2024-09-19,30.466,31.226,29.69,30.36,157149.0
2024-09-20,30.358,31.293,30.313,31.041,150953.0
2024-09-21,31.041,31.424,30.887,31.149,113387.0
2024-09-23,31.198,31.22,30.936,31.043,17798.0
2024-09-24,31.043,31.138,30.339,31.08,125710.0
2024-09-25,31.081,32.273,30.663,31.949,158800.0
2024-09-26,31.95,32.24,31.55,31.881,136768.0
2024-09-27,31.881,32.709,31.661,31.925,169848.0
2024-09-28,31.929,32.288,31.349,31.532,128746.0
2024-09-30,31.605,31.848,31.232,31.491,30811.0
2024-10-01,31.493,31.709,30.87,31.319,108563.0
2024-10-02,31.32,31.842,31.243,31.311,127498.0
2024-10-03,31.308,32.297,30.983,31.619,114654.0
2024-10-04,31.617,32.209,31.397,32.103,116156.0
2024-10-05,32.093,32.951,31.488,32.165,119806.0
2024-10-07,32.168,32.333,32.033,32.091,19815.0
2024-10-08,32.087,32.117,31.003,31.395,130706.0
2024-10-09,31.401,31.555,30.106,30.56,166318.0
2024-10-10,30.56,30.773,30.203,30.479,121451.0
2024-10-11,30.479,31.328,30.355,31.28,129189.0
2024-10-12,31.284,31.628,31.045,31.425,87441.0
2024-10-14,31.487,31.493,30.723,31.261,19867.0
2024-10-15,31.259,31.539,31.01,31.122,86807.0
2024-10-16,31.12,31.681,30.748,31.59,98694.0
2024-10-17,31.59,32.171,31.406,31.545,118473.0
2024-10-18,31.546,32.164,31.298,31.981,134488.0
2024-10-19,31.982,33.749,31.784,33.691,119430.0
2024-10-21,33.735,34.104,33.513,34.035,38356.0
2024-10-22,34.039,34.263,33.439,34.05,149183.0
2024-10-23,34.05,34.863,33.909,34.642,149372.0
2024-10-24,34.636,34.832,33.415,33.882,161983.0
2024-10-25,33.888,34.294,33.337,33.413,114123.0
2024-10-26,33.409,34.01,33.073,33.69,120884.0
2024-10-27,33.69,33.69,33.69,33.69,0.0
2024-10-28,33.69,33.69,33.213,33.317,31811.0
2024-10-29,33.317,34.094,33.267,33.94,126803.0
2024-10-30,33.938,34.537,33.704,34.175,151413.0
2024-10-31,34.175,34.35,33.395,33.541,151235.0
2024-11-01,33.536,33.748,32.488,32.771,143433.0
2024-11-02,32.768,33.114,32.467,32.673,88576.0
2024-11-03,32.673,32.673,32.673,32.673,0.0
2024-11-04,32.673,32.725,32.203,32.698,23920.0
2024-11-05,32.695,32.869,32.231,32.449,122885.0
2024-11-06,32.448,32.915,32.009,32.306,149210.0
2024-11-07,32.308,32.36,30.816,30.973,201513.0
2024-11-08,30.972,32.148,30.919,31.725,154384.0
2024-11-09,31.72,31.841,31.174,31.288,115700.0
2024-11-11,31.255,31.411,31.082,31.21,25508.0
2024-11-12,31.208,31.556,30.411,30.557,117900.0
2024-11-13,30.56,31.035,30.179,30.951,143816.0
2024-11-14,30.948,31.136,30.027,30.196,144908.0
2024-11-15,30.199,30.648,29.66,30.506,152929.0
2024-11-16,30.5,30.81,30.167,30.235,105352.0
2024-11-18,30.303,30.714,30.255,30.68,26437.0
2024-11-19,30.678,31.429,30.505,31.303,109256.0
2024-11-20,31.3,31.527,31.033,31.172,126701.0
2024-11-21,31.175,31.227,30.76,31.119,102550.0
2024-11-22,31.118,31.302,30.632,30.909,108429.0
2024-11-23,30.912,31.4,30.757,31.327,94435.0
2024-11-25,31.284,31.466,30.678,30.77,35114.0
2024-11-26,30.763,30.863,29.97,30.331,142927.0
2024-11-27,30.327,30.686,30.107,30.455,94571.0
2024-11-28,30.454,30.693,29.621,29.864,86342.0
2024-11-29,29.865,30.724,29.8,30.686,56609.0
2024-11-30,30.687,30.889,30.508,30.614,57490.0
2024-12-02,30.621,30.626,30.121,30.164,29395.0
2024-12-03,30.16,30.701,30.042,30.558,94004.0
2024-12-04,30.558,31.104,30.507,31.025,95893.0
2024-12-05,31.033,31.466,30.435,31.204,115669.0
2024-12-06,31.209,31.427,30.891,31.395,106149.0
2024-12-07,31.393,31.398,30.808,30.964,91411.0
2024-12-09,31.076,31.285,30.866,30.916,28610.0
2024-12-10,30.916,32.274,30.849,31.941,124463.0
2024-12-11,31.942,32.089,31.448,31.574,102482.0
2024-12-12,31.573,32.17,31.406,32.061,120033.0
2024-12-13,32.06,32.298,30.808,30.932,131973.0
2024-12-14,30.932,30.997,30.268,30.525,106764.0
2024-12-16,30.507,30.591,30.363,30.429,15096.0
2024-12-17,30.428,30.741,30.199,30.406,80096.0
2024-12-18,30.408,30.565,30.135,30.374,91328.0
2024-12-19,30.375,30.474,29.238,29.421,119955.0
2024-12-20,29.421,29.701,28.73,28.969,120525.0
2024-12-21,28.967,29.685,28.794,29.488,97555.0
2024-12-23,29.488,29.74,29.488,29.649,14054.0
2024-12-24,29.646,29.862,29.401,29.747,76902.0
2024-12-25,29.748,29.768,29.464,29.61,32378.0
2024-12-26,29.629,29.743,29.589,29.624,10121.0
2024-12-27,29.624,29.878,29.47,29.776,65241.0
2024-12-28,29.778,29.863,29.288,29.354,58195.0
2024-12-30,29.324,29.457,29.309,29.431,9566.0
2024-12-31,29.431,29.51,28.693,28.87,71456.0
2025-01-01,28.87,29.022,28.764,28.887,60539.0
2025-01-02,28.889,29.319,28.86,29.312,17933.0
2025-01-03,29.314,29.628,29.168,29.591,87292.0
2025-01-04,29.59,29.887,29.495,29.597,63868.0
2025-01-06,29.57,29.743,29.557,29.56,14890.0
2025-01-07,29.56,30.337,29.389,30.023,108563.0
2025-01-08,30.023,30.375,29.875,30.019,87611.0
2025-01-09,30.019,30.338,29.785,30.122,91847.0
2025-01-10,30.121,30.469,29.984,30.219,61767.0
2025-01-11,30.218,30.652,29.934,30.38,111733.0
2025-01-13,30.381,30.497,30.18,30.218,20612.0
2025-01-14,30.218,30.368,29.491,29.692,130481.0
2025-01-15,29.692,29.963,29.498,29.8,99005.0
2025-01-16,29.801,30.756,29.776,30.675,116267.0
2025-01-17,30.675,30.966,30.5,30.73,114597.0
2025-01-18,30.73,30.769,30.119,30.324,91231.0
2025-01-20,30.339,30.4,30.107,30.386,16375.0
2025-01-21,30.385,30.722,29.976,30.59,89223.0
2025-01-22,30.593,30.914,30.316,30.878,99588.0
2025-01-23,30.876,30.946,30.549,30.63,89996.0
2025-01-24,30.632,30.808,30.079,30.757,97760.0
2025-01-25,30.757,31.011,30.513,30.519,81919.0
2025-01-27,30.425,30.592,30.146,30.313,20425.0
2025-01-28,30.311,30.602,29.685,30.071,106454.0
2025-01-29,30.071,30.475,29.87,30.407,67407.0
2025-01-30,30.405,30.973,30.268,30.835,112443.0
2025-01-31,30.836,31.722,30.786,31.413,120491.0
2025-02-01,31.414,31.695,31.158,31.262,103583.0
2025-02-03,31.23,31.421,30.438,30.871,39560.0
2025-02-04,30.87,31.661,30.853,31.441,127910.0
2025-02-05,31.442,32.36,31.339,32.264,110620.0
2025-02-06,32.266,32.543,32.039,32.199,86785.0
2025-02-07,32.199,32.343,31.731,32.23,82935.0
2025-02-08,32.229,32.64,31.739,31.77,110279.0
2025-02-10,31.743,32.05,31.639,32.046,17430.0
2025-02-11,32.048,32.328,31.612,31.838,83960.0
2025-02-12,31.837,32.033,31.239,31.762,84403.0
2025-02-13,31.765,32.354,31.468,32.326,99958.0
2025-02-14,32.325,32.519,31.981,32.517,94765.0
2025-02-15,32.518,33.394,32.054,32.11,140291.0
2025-02-17,32.108,32.464,31.897,32.368,23351.0
2025-02-18,32.369,32.483,31.929,32.392,70801.0
2025-02-19,32.386,32.941,32.31,32.642,115845.0
2025-02-20,32.64,33.069,32.438,32.794,112048.0
2025-02-21,32.793,33.194,32.76,32.772,124984.0
2025-02-22,32.77,33.016,32.42,32.422,114802.0
2025-02-24,32.453,32.749,32.34,32.661,34415.0
2025-02-25,32.662,32.726,32.083,32.284,135194.0
2025-02-26,32.287,32.369,31.276,31.688,172564.0
2025-02-27,31.688,31.952,31.478,31.633,115141.0
2025-02-28,31.632,31.911,31.162,31.206,128944.0
2025-03-01,31.206,31.272,30.801,31.117,83467.0
2025-03-03,31.084,31.395,31.084,31.27,16489.0
2025-03-04,31.27,31.834,31.107,31.643,118475.0
2025-03-05,31.647,32.019,31.454,31.981,137493.0
2025-03-06,31.982,32.703,31.92,32.578,149916.0
2025-03-07,32.577,32.753,32.246,32.584,132339.0
2025-03-08,32.585,32.668,32.091,32.51,137781.0
2025-03-09,32.51,32.51,32.51,32.51,0.0
2025-03-10,32.51,32.655,32.309,32.402,26084.0
2025-03-11,32.399,32.616,31.795,32.193,146669.0
2025-03-12,32.189,32.97,32.009,32.741,123802.0
2025-03-13,32.742,33.315,32.692,33.129,118656.0
2025-03-14,33.129,33.95,32.921,33.842,142815.0
2025-03-15,33.841,34.074,33.509,33.817,107664.0
2025-03-16,33.817,33.817,33.817,33.817,0.0
2025-03-17,33.817,33.883,33.68,33.69,15434.0
2025-03-18,33.684,33.93,33.42,33.906,101892.0
2025-03-19,33.908,34.226,33.84,34.0,114766.0
2025-03-20,33.999,34.091,33.448,33.839,111956.0
2025-03-21,33.833,33.921,33.088,33.126,101582.0
2025-03-22,33.128,33.24,32.644,33.016,95099.0
2025-03-23,33.016,33.016,33.016,33.016,0.0
2025-03-24,33.016,33.18,32.931,33.157,15328.0
2025-03-25,33.158,33.294,32.866,33.109,73671.0
2025-03-26,33.107,33.798,33.075,33.602,89094.0
2025-03-27,33.603,33.917,33.49,33.668,94692.0
2025-03-28,33.666,34.485,33.614,34.32,129017.0
2025-03-29,34.319,34.579,33.907,34.108,121025.0
2025-03-31,34.111,34.329,33.879,34.229,31000.0
2025-04-01,34.229,34.457,33.486,34.152,142929.0
2025-04-02,34.135,34.159,33.449,33.811,107521.0
2025-04-03,33.809,34.13,32.936,33.385,137357.0
2025-04-04,33.387,33.422,31.395,31.467,162300.0
2025-04-05,31.466,31.683,29.172,29.558,167635.0
2025-04-07,29.147,30.797,28.108,30.023,51674.0
2025-04-08,30.024,30.583,29.58,30.052,219243.0
2025-04-09,30.051,30.519,29.318,29.752,161944.0
2025-04-10,29.756,31.165,29.693,31.143,177841.0
2025-04-11,31.145,31.344,30.557,31.309,168910.0
2025-04-12,31.307,32.27,31.136,32.192,146061.0
2025-04-14,32.192,32.279,31.794,31.855,22396.0
2025-04-15,31.851,32.385,31.716,32.275,105397.0
2025-04-16,32.274,32.485,32.078,32.397,85700.0
2025-04-17,32.402,33.101,32.112,32.61,141348.0
2025-04-18,32.61,32.655,32.074,32.484,98243.0
2025-04-21,32.418,32.787,32.413,32.762,18993.0
2025-04-22,32.761,33.044,32.467,32.805,100158.0
2025-04-23,32.804,33.141,32.078,32.692,165383.0
2025-04-24,32.691,33.667,32.602,33.3,140861.0
2025-04-25,33.302,33.664,33.16,33.4,86033.0
2025-04-26,33.402,33.491,32.761,33.012,79636.0
2025-04-28,33.075,33.142,32.643,32.838,20205.0
2025-04-29,32.837,33.235,32.763,32.968,92307.0
2025-04-30,32.97,33.524,32.788,32.859,93366.0
2025-05-01,32.856,32.975,31.957,32.015,109309.0
2025-05-02,32.04,32.703,31.656,32.685,89539.0
2025-05-03,32.687,32.697,31.92,31.979,83385.0
2025-05-05,32.002,32.193,31.944,32.139,18036.0
2025-05-06,32.138,33.068,32.109,33.063,92487.0
2025-05-07,33.065,33.247,32.805,32.942,105662.0
2025-05-08,32.943,33.088,32.231,32.847,102125.0
2025-05-09,32.849,32.93,32.207,32.43,106988.0
2025-05-10,32.431,32.859,32.405,32.491,74558.0
2025-05-12,32.296,32.813,32.296,32.801,21391.0
2025-05-13,32.8,33.029,31.857,33.01,116136.0
2025-05-14,33.011,33.22,32.507,32.623,101833.0
2025-05-15,32.625,32.924,31.79,31.859,99364.0
2025-05-16,31.857,32.679,31.637,32.348,91992.0
2025-05-17,32.35,32.467,31.852,32.244,77254.0
2025-05-19,32.32,32.546,32.251,32.277,20192.0
2025-05-20,32.278,32.612,32.161,32.172,66771.0
2025-05-21,32.167,33.167,32.114,33.039,81532.0
2025-05-22,33.038,33.601,32.965,33.576,98202.0
2025-05-23,33.576,33.685,32.596,33.128,103422.0
2025-05-24,33.132,33.531,32.885,33.47,74539.0
2025-05-26,33.421,33.558,33.342,33.456,15855.0
2025-05-27,33.455,33.542,33.223,33.3,40068.0
2025-05-28,33.298,33.34,32.748,33.274,77561.0
2025-05-29,33.272,33.424,32.684,33.185,76255.0
2025-05-30,33.18,33.489,32.934,32.941,78414.0
2025-05-31,32.939,33.3,32.75,32.972,73582.0
2025-06-02,33.003,33.124,32.939,33.024,16105.0
2025-06-03,33.031,34.779,33.021,34.039,126381.0
2025-06-04,34.044,34.637,34.016,34.467,87017.0
2025-06-05,34.47,34.583,34.164,34.489,80280.0
2025-06-06,34.488,36.056,34.419,36.02,156465.0
2025-06-07,36.017,36.322,35.799,35.961,105747.0
2025-06-09,36.001,36.086,35.898,35.98,19520.0
2025-06-10,35.979,36.876,35.956,36.514,112559.0
2025-06-11,36.522,36.796,36.305,36.581,105489.0
2025-06-12,36.581,36.615,35.97,36.362,127960.0
2025-06-13,36.36,36.627,35.44,36.232,145538.0
2025-06-14,36.223,36.448,35.961,36.3,111947.0
2025-06-16,36.339,36.389,36.04,36.243,24736.0
2025-06-17,36.24,36.528,36.116,36.237,122910.0
2025-06-18,36.239,37.256,36.234,37.229,128894.0
2025-06-19,37.23,37.303,36.514,36.749,110018.0
2025-06-20,36.744,36.767,35.654,35.782,87755.0
2025-06-21,35.779,36.152,35.496,35.969,83041.0
2025-06-23,36.029,36.125,35.796,36.087,24665.0
2025-06-24,36.091,36.354,35.584,36.113,112375.0
2025-06-25,36.108,36.179,35.266,35.896,112685.0
2025-06-26,35.9,36.413,35.66,36.363,89700.0
2025-06-27,36.362,36.821,36.225,36.387,116999.0
2025-06-28,36.388,36.621,35.777,35.956,116480.0
2025-06-30,35.929,36.165,35.394,36.104,24925.0
2025-07-01,36.102,36.222,35.787,36.011,79678.0
2025-07-02,36.023,36.607,35.89,35.976,110955.0
2025-07-03,35.971,36.576,35.861,36.357,87606.0
2025-07-04,36.361,37.064,36.309,36.782,92478.0
2025-07-05,36.785,36.946,36.653,36.908,40787.0
2025-07-07,36.912,37.215,36.639,36.752,20921.0
2025-07-08,36.752,36.82,36.139,36.764,98522.0
2025-07-09,36.759,36.87,36.276,36.555,114560.0
2025-07-10,36.555,36.716,36.256,36.441,87109.0
2025-07-11,36.441,37.215,36.356,37.177,125702.0
2025-07-12,37.176,38.524,37.063,38.308,104836.0
2025-07-14,38.308,38.916,38.308,38.845,41939.0
2025-07-15,38.85,39.121,37.896,38.13,141078.0
2025-07-16,38.13,38.37,37.572,37.827,114808.0
2025-07-17,37.826,38.08,37.484,37.977,113737.0
2025-07-18,37.978,38.188,37.526,38.135,103364.0
2025-07-19,38.136,38.431,38.064,38.147,74262.0
2025-07-21,38.147,38.321,38.073,38.163,10332.0
2025-07-22,38.165,39.043,38.146,38.82,101551.0
2025-07-23,38.815,39.366,38.703,39.208,121504.0
2025-07-24,39.208,39.52,38.784,39.021,139672.0
2025-07-25,39.023,39.185,38.682,39.017,98994.0
2025-07-26,39.015,39.125,37.936,38.137,93441.0
2025-07-28,38.067,38.297,37.957,38.233,17402.0
2025-07-29,38.232,38.327,37.886,38.121,88972.0
2025-07-30,38.124,38.282,37.892,38.195,98359.0
2025-07-31,38.196,38.236,36.767,37.171,134863.0
2025-08-01,37.17,37.265,36.197,36.558,117277.0
2025-08-02,36.556,37.176,36.342,37.017,115076.0
2025-08-04,36.979,37.09,36.656,37.077,15832.0
2025-08-05,37.077,37.48,37.05,37.399,76796.0
2025-08-06,37.398,37.872,37.294,37.806,79908.0
2025-08-07,37.815,38.026,37.597,38.018,77002.0
2025-08-08,38.017,38.495,37.817,38.155,144555.0
2025-08-09,38.155,38.472,37.987,38.339,103407.0
2025-08-11,38.299,38.383,37.903,38.059,20903.0
2025-08-12,38.057,38.213,37.492,37.871,100412.0
2025-08-13,37.866,38.189,37.552,38.136,89412.0
2025-08-14,38.13,38.728,38.116,38.554,66796.0
2025-08-15,38.555,38.595,37.804,38.026,100145.0
2025-08-16,38.029,38.092,37.669,37.993,60304.0
2025-08-18,38.007,38.127,37.802,38.111,12278.0
2025-08-19,38.111,38.256,37.709,37.904,64048.0
2025-08-20,37.911,38.134,37.151,37.199,77191.0
2025-08-21,37.198,37.961,36.951,37.838,75295.0
2025-08-22,37.844,38.195,37.519,38.072,69038.0
2025-08-23,38.074,39.057,37.684,38.888,76567.0
2025-08-25,38.899,38.985,38.749,38.823,12155.0
2025-08-26,38.822,38.971,38.327,38.719,66230.0
2025-08-27,38.72,38.842,38.361,38.528,76128.0
2025-08-28,38.529,38.768,38.071,38.698,74004.0
2025-08-29,38.697,39.111,38.665,38.812,80436.0
2025-08-30,38.813,39.961,38.4,39.549,96195.0
2025-09-01,39.71,40.526,39.53,40.452,41324.0
2025-09-02,40.443,40.845,40.366,40.748,126433.0
2025-09-03,40.753,40.965,40.127,40.669,162983.0
2025-09-04,40.673,41.457,40.508,40.72,198448.0
2025-09-05,40.721,41.032,40.39,40.84,160689.0
2025-09-06,40.839,41.407,40.554,40.984,168137.0
2025-09-08,40.937,41.054,40.574,40.601,37131.0
2025-09-09,40.603,41.659,40.519,41.293,152481.0
2025-09-10,41.294,41.468,40.693,41.024,165536.0
2025-09-11,41.028,41.275,40.955,41.081,132029.0
2025-09-12,41.08,42.092,40.861,42.054,159936.0
2025-09-13,42.054,42.45,41.804,42.161,114996.0
2025-09-15,42.175,42.303,41.997,42.28,26286.0
2025-09-16,42.281,42.739,42.016,42.563,127925.0
2025-09-17,42.569,42.964,41.77,41.989,137142.0
2025-09-18,41.99,42.225,41.08,41.456,177465.0
2025-09-19,41.457,42.292,41.189,42.288,132507.0
2025-09-20,42.289,43.092,41.94,43.064,100542.0
2025-09-22,43.097,43.58,43.004,43.528,25373.0
2025-09-23,43.53,44.106,43.337,43.834,127902.0
2025-09-24,43.831,44.455,43.647,44.089,140859.0
2025-09-25,44.09,44.308,43.656,43.952,132921.0
2025-09-26,43.957,45.219,43.844,44.788,168835.0
2025-09-27,44.782,46.617,44.673,46.041,134630.0
2025-09-29,46.137,47.0,45.932,46.744,42404.0
2025-09-30,46.743,47.17,46.48,47.025,185350.0
2025-10-01,47.024,47.547,45.8,47.083,197200.0
2025-10-02,47.103,47.82,46.669,47.257,189222.0
2025-10-03,47.256,48.038,45.893,46.795,186586.0
2025-10-04,46.8,48.36,46.8,47.906,150702.0
2025-10-06,48.054,48.575,47.93,48.529,33207.0
2025-10-07,48.529,48.757,48.053,48.499,164972.0
2025-10-08,48.5,48.634,47.315,48.369,208827.0
2025-10-09,48.368,49.537,48.362,48.889,233282.0
2025-10-10,48.887,51.223,48.221,49.115,214582.0
2025-10-11,49.115,51.107,48.6,49.323,281050.0
2025-10-13,49.323,51.452,49.323,51.105,17104.0
2025-10-14,51.111,53.353,49.423,53.036,156972.0
2025-10-15,53.063,53.424,49.918,52.117,257900.0
2025-10-16,52.118,53.311,51.929,53.118,227130.0
2025-10-17,53.117,54.356,52.375,54.206,335110.0
2025-10-18,54.206,54.442,50.493,51.527,272726.0
2025-10-20,51.527,52.247,50.893,52.153,58561.0
2025-10-21,52.152,52.753,51.416,51.862,217499.0
2025-10-22,51.863,52.046,47.451,48.918,335544.0
2025-10-23,48.916,49.269,47.653,48.49,327428.0
2025-10-24,48.49,49.44,48.292,48.642,252601.0
2025-10-25,48.642,48.941,47.81,48.547,215646.0
2025-10-26,48.547,48.547,48.547,48.547,0.0
2025-10-27,48.547,48.547,47.698,47.983,62036.0
2025-10-28,47.981,48.363,46.067,46.61,222797.0
2025-10-29,46.611,47.6,45.513,47.383,211956.0
2025-10-30,47.384,48.445,47.236,47.755,249524.0
2025-10-31,47.754,49.229,47.411,48.881,197463.0
2025-11-01,48.882,49.343,48.361,48.642,157902.0
2025-11-03,48.424,48.896,48.194,48.791,46469.0
2025-11-04,48.791,49.095,47.614,48.091,210048.0
2025-11-05,48.092,48.114,46.855,47.686,252720.0
2025-11-06,47.685,48.301,47.475,48.252,195545.0
2025-11-07,48.251,48.781,47.641,48.457,196045.0
2025-11-08,48.457,48.861,47.959,48.088,175438.0
2025-11-10,48.088,49.278,48.088,49.204,53019.0
2025-11-11,49.204,51.127,49.153,50.963,226784.0
2025-11-12,50.963,51.356,50.272,51.051,212039.0
2025-11-13,51.053,54.306,50.985,53.975,280046.0
2025-11-14,53.974,54.389,52.044,53.027,291745.0
2025-11-15,53.025,53.115,50.043,50.543,263270.0
2025-11-17,50.543,51.188,50.262,50.841,66050.0
2025-11-18,50.842,51.298,49.416,49.624,270005.0
2025-11-19,49.623,51.271,49.345,50.895,240676.0
2025-11-20,50.894,52.46,50.359,51.277,301654.0
2025-11-21,51.281,51.412,49.532,49.743,338663.0
2025-11-22,49.747,50.66,48.616,49.976,287749.0
2025-11-24,49.976,50.364,49.707,49.853,42693.0
2025-11-25,49.854,51.594,49.77,51.495,202147.0
2025-11-26,51.499,52.056,50.68,51.993,216367.0
2025-11-27,51.992,53.444,51.735,52.841,206667.0
2025-11-28,52.843,54.19,52.818,53.69,113861.0
2025-11-29,53.69,56.528,52.158,56.365,85550.0
2025-12-01,56.365,57.86,56.024,57.235,77661.0
2025-12-02,57.212,58.839,56.427,57.176,316687.0
2025-12-03,57.177,58.937,56.652,58.746,263748.0
2025-12-04,58.747,58.968,57.483,58.147,241021.0
2025-12-05,58.146,58.237,56.435,57.75,258323.0
2025-12-06,57.752,59.324,57.637,58.291,224215.0
2025-12-08,58.291,58.606,57.504,57.941,53843.0
2025-12-09,57.937,58.534,57.624,58.2,232821.0
2025-12-10,58.199,61.467,57.582,61.074,267991.0
2025-12-11,61.073,62.883,59.822,61.909,285792.0
2025-12-12,61.908,64.293,61.419,63.442,283759.0
2025-12-13,63.443,64.648,60.735,61.867,285220.0
2025-12-15,61.867,62.812,61.729,62.604,53481.0
2025-12-16,62.603,64.16,62.217,62.826,312725.0
2025-12-17,62.825,66.059,62.13,65.974,311068.0
2025-12-18,65.973,66.887,65.092,66.279,333028.0
2025-12-19,66.277,66.612,64.424,65.454,298712.0
2025-12-20,65.452,67.445,65.228,67.066,211296.0
2025-12-22,67.066,69.437,67.062,69.317,56854.0
2025-12-23,69.316,69.987,68.113,69.564,254818.0
2025-12-24,69.566,72.693,68.814,72.219,317400.0
2025-12-25,72.221,72.5,70.177,71.731,201040.0
2025-12-26,71.731,75.121,71.428,74.636,76875.0
2025-12-27,74.635,79.301,73.571,78.96,265142.0
2025-12-29,78.96,83.968,74.621,79.676,118144.0
2025-12-30,79.676,80.497,70.49,74.442,408628.0
2025-12-31,74.441,78.052,71.485,71.633,376440.0
2026-01-01,71.646,73.759,70.049,71.537,310357.0
2026-01-02,71.663,73.68,70.909,73.307,52668.0
2026-01-03,73.306,74.555,71.398,72.819,285132.0
2026-01-05,72.819,76.344,72.819,75.445,76119.0
2026-01-06,75.445,79.075,74.575,78.654,343577.0
2026-01-07,78.645,82.751,77.424,79.565,371398.0
2026-01-08,79.564,80.19,76.343,77.536,350460.0
2026-01-09,77.537,77.625,73.827,76.614,387858.0
2026-01-10,76.613,80.499,76.279,79.851,254519.0
2026-01-12,79.851,83.989,79.851,83.415,86964.0
2026-01-13,83.416,86.234,83.274,85.817,357008.0
2026-01-14,85.82,91.545,84.557,90.713,368112.0
2026-01-15,90.713,93.49,85.632,87.757,441758.0
2026-01-16,87.752,93.022,86.855,90.874,382384.0
2026-01-17,90.872,91.873,86.834,90.078,308678.0
2026-01-19,90.078,94.077,90.078,92.852,91012.0
2026-01-20,92.853,94.664,92.4,94.307,187576.0
2026-01-21,94.29,95.86,93.118,94.318,360284.0
2026-01-22,94.314,95.319,90.297,93.268,381097.0
2026-01-23,93.266,99.167,92.857,98.654,300226.0
2026-01-24,98.655,103.333,97.521,103.155,266090.0
2026-01-26,103.155,109.448,103.155,108.088,116872.0
2026-01-27,108.083,117.725,100.962,108.245,596283.0
2026-01-28,108.212,115.657,104.949,115.611,543967.0
2026-01-29,115.614,119.402,110.48,118.419,553034.0
2026-01-30,118.42,121.647,106.212,110.976,677736.0
2026-01-31,110.974,112.467,73.406,85.286,551637.0
2026-02-02,81.97,87.91,74.974,78.965,184933.0
2026-02-03,78.964,85.603,71.192,83.523,608612.0
2026-02-04,83.524,89.176,82.61,88.162,532429.0
2026-02-05,88.163,92.166,73.382,76.369,487202.0
2026-02-06,76.37,81.054,63.994,72.42,523918.0
2026-02-07,72.415,78.115,71.434,77.816,254822.0
2026-02-09,77.816,82.103,77.816,81.742,81917.0
2026-02-10,81.714,84.013,78.68,81.26,321654.0
2026-02-11,81.257,83.026,79.915,82.462,256939.0
2026-02-12,82.459,86.291,81.469,83.354,313535.0
2026-02-13,83.355,84.209,73.621,77.04,334243.0
2026-02-14,77.001,79.331,75.908,77.276,255915.0
2026-02-16,77.276,77.463,74.126,75.276,48042.0
2026-02-17,75.276,77.348,72.958,75.12,116159.0
2026-02-18,75.121,75.85,71.925,75.848,321752.0
2026-02-19,75.845,78.313,75.073,77.935,249293.0
2026-02-20,77.936,79.473,77.17,78.235,261500.0
2026-02-21,78.239,84.637,78.235,84.507,241613.0
2026-02-23,84.507,87.8,84.507,87.158,53966.0
2026-02-24,87.154,89.03,84.805,86.846,287623.0
2026-02-25,86.84,89.807,85.361,89.373,325994.0
2026-02-26,89.374,91.272,87.213,89.316,327731.0
2026-02-27,89.319,90.065,85.184,89.467,325849.0
2026-02-28,89.467,94.127,89.059,93.678,256256.0
2026-03-02,94.75,96.386,91.994,93.74,112076.0
2026-03-03,93.74,96.167,86.455,89.588,426085.0
2026-03-04,89.587,90.11,77.877,84.756,518771.0
2026-03-05,84.754,86.794,82.103,84.382,217280.0
2026-03-06,84.395,84.941,80.307,83.951,222966.0
2026-03-07,83.964,84.884,81.644,84.086,164847.0
2026-03-08,84.086,84.086,84.086,84.086,0.0
2026-03-09,84.086,84.086,79.448,82.277,25382.0
2026-03-10,82.277,89.826,82.236,88.252,168928.0
2026-03-11,88.265,89.677,86.852,88.073,155304.0
2026-03-12,88.102,88.165,83.776,84.267,130262.0
2026-03-13,84.255,87.393,82.928,84.155,177234.0
2026-03-14,84.167,84.411,79.401,80.498,180584.0
2026-03-15,80.498,80.498,80.498,80.498,0.0
2026-03-16,80.498,81.379,78.304,80.076,19503.0
2026-03-17,80.064,82.366,77.032,82.245,159028.0
2026-03-18,82.232,82.305,77.956,78.388,132630.0
2026-03-19,78.402,80.036,74.909,75.589,181301.0
2026-03-20,75.609,75.855,65.979,73.634,265664.0
2026-03-21,73.634,73.651,67.593,67.873,185771.0
