2023-01-02 00:00:00,24.036,24.455,23.871,24.362,22183.0
2023-01-03 00:00:00,24.363,24.541,23.932,24.127,97259.0
2023-01-04 00:00:00,24.127,24.45,23.575,23.752,97586.0
2023-01-05 00:00:00,23.756,23.856,23.105,23.337,95395.0
2023-01-06 00:00:00,23.335,23.906,23.201,23.771,79005.0
2023-01-08 00:00:00,23.86,24.079,23.809,23.984,18682.0
2023-01-09 00:00:00,23.984,24.093,23.478,23.523,85035.0
2023-01-10 00:00:00,23.52,23.76,23.413,23.658,81106.0
2023-01-11 00:00:00,23.659,24.032,23.197,23.599,82331.0
2023-01-12 00:00:00,23.611,24.174,23.261,23.736,105949.0
2023-01-13 00:00:00,23.734,24.287,23.485,24.248,76112.0
2023-01-15 00:00:00,24.246,24.498,24.192,24.419,15808.0
2023-01-16 00:00:00,24.415,24.443,23.917,24.174,51464.0
2023-01-17 00:00:00,24.176,24.229,23.72,23.949,92932.0
2023-01-18 00:00:00,23.96,24.336,23.232,23.45,109115.0
2023-01-19 00:00:00,23.447,24.005,23.15,23.783,98687.0
2023-01-20 00:00:00,23.777,24.068,23.689,23.907,70233.0
2023-01-22 00:00:00,23.897,24.15,23.872,23.981,10681.0
2023-01-23 00:00:00,23.98,23.992,22.743,23.516,78509.0
2023-01-24 00:00:00,23.515,23.733,23.201,23.532,80419.0
2023-01-25 00:00:00,23.527,23.966,23.319,23.848,78123.0
2023-01-26 00:00:00,23.848,24.283,23.584,23.82,89328.0
2023-01-27 00:00:00,23.818,23.848,23.28,23.573,63373.0
2023-01-29 00:00:00,23.534,23.797,23.534,23.704,17782.0
2023-01-30 00:00:00,23.703,23.784,23.524,23.615,72183.0
2023-01-31 00:00:00,23.623,23.757,22.959,23.665,82302.0
2023-02-01 00:00:00,23.665,24.275,23.334,24.194,101997.0
2023-02-02 00:00:00,24.195,24.627,23.402,23.506,108514.0
2023-02-03 00:00:00,23.505,23.555,22.272,22.34,99636.0
2023-02-05 00:00:00,22.251,22.511,22.175,22.493,20330.0
2023-02-06 00:00:00,22.504,22.604,22.132,22.317,81647.0
2023-02-07 00:00:00,22.317,22.45,22.029,22.31,104438.0
2023-02-08 00:00:00,22.316,22.527,22.198,22.382,74767.0
2023-02-09 00:00:00,22.382,22.583,21.83,21.867,87518.0
2023-02-10 00:00:00,21.869,22.295,21.819,21.969,73148.0
2023-02-12 00:00:00,21.965,22.017,21.805,21.818,14392.0
2023-02-13 00:00:00,21.813,22.072,21.775,21.969,64876.0
2023-02-14 00:00:00,21.971,22.03,21.588,21.752,108055.0
2023-02-15 00:00:00,21.754,21.805,21.406,21.748,83744.0
2023-02-16 00:00:00,21.747,21.766,21.415,21.466,89618.0
2023-02-17 00:00:00,21.463,21.799,21.16,21.689,71257.0
2023-02-19 00:00:00,21.657,21.769,21.539,21.698,11688.0
2023-02-20 00:00:00,21.689,21.898,21.668,21.719,32840.0
2023-02-21 00:00:00,21.716,21.952,21.628,21.828,54740.0
2023-02-22 00:00:00,21.829,21.918,21.427,21.653,53678.0
2023-02-23 00:00:00,21.654,21.66,21.251,21.292,49742.0
2023-02-24 00:00:00,21.294,21.323,20.726,20.753,33908.0
2023-02-26 00:00:00,20.753,20.826,20.553,20.619,12887.0
2023-02-27 00:00:00,20.618,20.798,20.541,20.587,41857.0
2023-02-28 00:00:00,20.586,21.087,20.407,21.056,46048.0
2023-03-01 00:00:00,21.056,21.17,20.811,20.952,53890.0
2023-03-02 00:00:00,20.954,21.056,20.661,20.97,47003.0
2023-03-03 00:00:00,20.973,21.255,20.842,21.225,34729.0
2023-03-05 00:00:00,21.224,21.297,21.128,21.226,12393.0
2023-03-06 00:00:00,21.226,21.297,20.966,21.075,43362.0
2023-03-07 00:00:00,21.068,21.133,19.899,19.995,49411.0
2023-03-08 00:00:00,19.997,20.218,19.955,20.038,45569.0
2023-03-09 00:00:00,20.041,20.286,19.888,19.93,45827.0
2023-03-10 00:00:00,19.935,20.63,19.911,20.535,46332.0
2023-03-11 00:00:00,20.535,20.535,20.535,20.535,0.0
2023-03-12 00:00:00,20.535,20.858,20.535,20.756,21912.0
2023-03-13 00:00:00,20.756,21.921,20.65,21.642,92309.0
2023-03-14 00:00:00,21.641,21.96,21.495,21.726,72243.0
2023-03-15 00:00:00,21.723,22.374,21.521,21.77,86662.0
2023-03-16 00:00:00,21.768,21.962,21.458,21.946,70384.0
2023-03-17 00:00:00,21.947,22.596,21.796,22.561,47982.0
2023-03-19 00:00:00,22.4,22.428,22.215,22.318,18935.0
2023-03-20 00:00:00,22.307,22.708,22.236,22.495,70718.0
2023-03-21 00:00:00,22.486,22.612,22.155,22.345,50213.0
2023-03-22 00:00:00,22.338,23.087,22.26,22.996,61692.0
2023-03-23 00:00:00,22.996,23.167,22.772,23.103,58703.0
2023-03-24 00:00:00,23.106,23.519,22.95,23.21,53988.0
2023-03-26 00:00:00,23.244,23.267,23.011,23.052,13336.0
2023-03-27 00:00:00,23.054,23.178,22.845,23.016,45230.0
2023-03-28 00:00:00,23.018,23.359,22.808,23.201,44500.0
2023-03-29 00:00:00,23.201,23.409,23.031,23.333,42217.0
2023-03-30 00:00:00,23.334,23.955,23.327,23.893,50225.0
2023-03-31 00:00:00,23.893,24.141,23.675,24.075,37261.0
2023-04-02 00:00:00,24.105,24.12,23.551,23.572,15657.0
2023-04-03 00:00:00,23.576,24.043,23.565,23.863,44991.0
2023-04-04 00:00:00,23.857,25.126,23.811,25.064,42149.0
2023-04-05 00:00:00,25.063,25.073,24.672,24.781,45628.0
2023-04-06 00:00:00,24.78,24.995,24.556,24.965,33112.0
2023-04-09 00:00:00,24.965,24.988,24.719,24.746,10948.0
2023-04-10 00:00:00,24.746,25.057,24.701,24.906,29889.0
2023-04-11 00:00:00,24.908,25.363,24.825,25.33,42392.0
2023-04-12 00:00:00,25.332,25.644,25.05,25.473,54608.0
2023-04-13 00:00:00,25.476,26.059,25.376,26.048,47409.0
2023-04-14 00:00:00,26.047,26.065,25.162,25.317,42303.0
2023-04-16 00:00:00,25.258,25.383,25.147,25.285,12626.0
2023-04-17 00:00:00,25.284,25.599,24.79,25.025,43072.0
2023-04-18 00:00:00,25.025,25.313,25.011,25.159,38987.0
2023-04-19 00:00:00,25.156,25.372,24.628,25.134,53799.0
2023-04-20 00:00:00,25.136,25.487,25.042,25.217,41739.0
2023-04-21 00:00:00,25.22,25.375,24.894,25.071,38009.0
2023-04-23 00:00:00,25.047,25.11,24.851,24.89,9894.0
2023-04-24 00:00:00,24.894,25.351,24.771,25.135,39344.0
2023-04-25 00:00:00,25.139,25.171,24.482,24.95,48360.0
2023-04-26 00:00:00,24.954,25.083,24.716,25.044,42525.0
2023-04-27 00:00:00,25.034,25.109,24.495,24.937,42255.0
2023-04-28 00:00:00,24.939,25.053,24.712,25.045,41995.0
2023-04-30 00:00:00,25.13,25.156,24.911,25.038,5784.0
2023-05-01 00:00:00,25.038,25.902,24.806,24.866,32250.0
2023-05-02 00:00:00,24.861,25.476,24.619,25.328,43544.0
2023-05-03 00:00:00,25.328,25.885,25.195,25.738,50519.0
2023-05-04 00:00:00,25.733,26.123,25.425,25.995,60786.0
2023-05-05 00:00:00,25.996,26.057,25.366,25.651,34736.0
2023-05-07 00:00:00,25.644,25.7,25.515,25.695,8331.0
2023-05-08 00:00:00,25.692,25.726,25.495,25.616,30529.0
2023-05-09 00:00:00,25.615,25.686,25.308,25.593,34640.0
2023-05-10 00:00:00,25.593,25.911,25.284,25.324,44015.0
2023-05-11 00:00:00,25.323,25.351,23.936,24.007,49161.0
2023-05-12 00:00:00,24.008,24.055,23.727,23.994,31412.0
2023-05-14 00:00:00,23.994,24.111,23.929,23.976,8625.0
2023-05-15 00:00:00,23.976,24.171,23.903,24.034,34018.0
2023-05-16 00:00:00,24.032,24.051,23.621,23.737,42650.0
2023-05-17 00:00:00,23.737,23.872,23.525,23.686,41404.0
2023-05-18 00:00:00,23.692,23.697,23.315,23.613,36354.0
2023-05-19 00:00:00,23.612,24.006,23.512,23.805,35493.0
2023-05-21 00:00:00,23.819,23.908,23.687,23.755,10944.0
2023-05-22 00:00:00,23.743,23.909,23.498,23.552,40726.0
2023-05-23 00:00:00,23.555,23.629,23.092,23.41,42039.0
2023-05-24 00:00:00,23.405,23.526,22.894,23.014,36473.0
2023-05-25 00:00:00,23.018,23.139,22.657,22.911,36227.0
2023-05-26 00:00:00,22.911,23.313,22.899,23.285,27501.0
2023-05-28 00:00:00,23.243,23.316,23.201,23.219,9297.0
2023-05-29 00:00:00,23.216,23.366,23.012,23.012,25019.0
2023-05-30 00:00:00,23.016,23.33,22.913,23.135,40905.0
2023-05-31 00:00:00,23.139,23.597,22.99,23.516,44031.0
2023-06-01 00:00:00,23.516,24.012,23.228,23.961,39512.0
2023-06-02 00:00:00,23.962,23.999,23.565,23.63,34833.0
2023-06-04 00:00:00,23.63,23.63,23.491,23.551,8496.0
2023-06-05 00:00:00,23.546,23.634,23.353,23.586,30536.0
2023-06-06 00:00:00,23.587,23.766,23.345,23.54,38644.0
2023-06-07 00:00:00,23.54,24.046,23.384,23.546,35709.0
2023-06-08 00:00:00,23.546,24.352,23.527,24.257,37385.0
2023-06-09 00:00:00,24.25,24.428,24.204,24.265,24236.0
2023-06-11 00:00:00,24.265,24.265,24.057,24.126,8042.0
2023-06-12 00:00:00,24.124,24.296,23.864,24.154,35969.0
2023-06-13 00:00:00,24.155,24.395,23.622,23.829,43118.0
2023-06-14 00:00:00,23.829,24.072,23.4,23.449,39384.0
2023-06-15 00:00:00,23.45,23.976,23.219,23.895,47527.0
2023-06-16 00:00:00,23.898,24.2,23.822,24.154,39416.0
2023-06-18 00:00:00,24.112,24.175,24.014,24.094,7844.0
2023-06-19 00:00:00,24.096,24.167,23.827,23.913,28429.0
2023-06-20 00:00:00,23.912,23.991,23.074,23.143,44806.0
2023-06-21 00:00:00,23.14,23.148,22.478,22.618,41807.0
2023-06-22 00:00:00,22.618,22.659,22.098,22.126,46700.0
2023-06-23 00:00:00,22.129,22.577,22.116,22.423,40074.0
2023-06-25 00:00:00,22.419,22.809,22.395,22.725,11380.0
2023-06-26 00:00:00,22.734,22.982,22.58,22.922,35803.0
2023-06-27 00:00:00,22.926,23.037,22.745,22.888,48990.0
2023-06-28 00:00:00,22.888,22.951,22.613,22.737,39983.0
2023-06-29 00:00:00,22.738,22.857,22.339,22.61,45080.0
2023-06-30 00:00:00,22.614,22.791,22.329,22.745,26870.0
2023-07-02 00:00:00,22.762,22.821,22.697,22.806,5770.0
2023-07-03 00:00:00,22.799,22.999,22.687,22.91,28757.0
2023-07-04 00:00:00,22.91,23.034,22.865,22.917,19449.0
2023-07-05 00:00:00,22.912,23.301,22.753,23.103,34728.0
2023-07-06 00:00:00,23.097,23.247,22.563,22.679,33029.0
2023-07-07 00:00:00,22.679,23.132,22.538,23.082,30256.0
2023-07-09 00:00:00,23.082,23.144,23.004,23.051,6711.0
2023-07-10 00:00:00,23.051,23.309,22.737,23.196,30874.0
2023-07-11 00:00:00,23.191,23.377,23.053,23.215,31207.0
2023-07-12 00:00:00,23.214,24.239,23.107,24.194,37141.0
2023-07-13 00:00:00,24.199,24.894,24.085,24.849,41551.0
2023-07-14 00:00:00,24.852,24.998,24.662,24.929,30917.0
2023-07-16 00:00:00,24.895,24.935,24.721,24.771,7868.0
2023-07-17 00:00:00,24.772,25.037,24.583,24.859,34389.0
2023-07-18 00:00:00,24.863,25.166,24.75,25.028,36796.0
2023-07-19 00:00:00,25.031,25.258,24.934,25.199,37060.0
2023-07-20 00:00:00,25.201,25.257,24.739,24.799,35898.0
2023-07-21 00:00:00,24.802,24.91,24.57,24.592,24826.0
2023-07-23 00:00:00,24.592,24.719,24.554,24.569,8748.0
2023-07-24 00:00:00,24.558,24.669,24.275,24.524,34174.0
2023-07-25 00:00:00,24.524,24.711,24.449,24.61,28149.0
2023-07-26 00:00:00,24.615,25.128,24.506,25.039,40757.0
2023-07-27 00:00:00,25.047,25.099,24.034,24.217,51527.0
2023-07-28 00:00:00,24.213,24.386,24.114,24.308,26075.0
2023-07-30 00:00:00,24.32,24.385,24.229,24.229,7414.0
2023-07-31 00:00:00,24.239,24.831,24.183,24.647,41952.0
2023-08-01 00:00:00,24.647,24.655,24.116,24.328,48726.0
2023-08-02 00:00:00,24.328,24.481,23.616,23.68,50960.0
2023-08-03 00:00:00,23.681,23.703,23.381,23.521,50792.0
2023-08-04 00:00:00,23.525,23.786,23.201,23.624,46374.0
2023-08-06 00:00:00,23.599,23.671,23.516,23.544,6040.0
2023-08-07 00:00:00,23.547,23.575,23.045,23.132,33960.0
2023-08-08 00:00:00,23.131,23.179,22.649,22.9,41603.0
2023-08-09 00:00:00,22.902,22.93,22.609,22.686,33619.0
2023-08-10 00:00:00,22.692,22.993,22.609,22.71,49752.0
2023-08-11 00:00:00,22.702,22.836,22.559,22.675,35626.0
2023-08-13 00:00:00,22.641,22.705,22.509,22.585,7325.0
2023-08-14 00:00:00,22.585,22.755,22.353,22.641,33992.0
2023-08-15 00:00:00,22.635,22.703,22.21,22.56,51799.0
2023-08-16 00:00:00,22.56,22.78,22.263,22.441,44564.0
2023-08-17 00:00:00,22.441,23.004,22.427,22.831,51710.0
2023-08-18 00:00:00,22.821,22.854,22.618,22.735,35236.0
2023-08-20 00:00:00,22.717,22.846,22.649,22.818,8172.0
2023-08-21 00:00:00,22.818,23.373,22.713,23.275,47547.0
2023-08-22 00:00:00,23.276,23.542,23.19,23.531,44803.0
2023-08-23 00:00:00,23.531,24.35,23.511,24.245,48326.0
2023-08-24 00:00:00,24.245,24.318,24.009,24.025,44904.0
2023-08-25 00:00:00,24.026,24.373,23.903,24.216,49904.0
2023-08-27 00:00:00,24.211,24.314,24.142,24.185,6607.0
2023-08-28 00:00:00,24.185,24.346,24.029,24.321,30354.0
2023-08-29 00:00:00,24.309,24.787,24.153,24.624,47327.0
2023-08-30 00:00:00,24.623,25.005,24.511,24.558,44617.0
2023-08-31 00:00:00,24.559,24.652,24.358,24.411,42464.0
2023-09-01 00:00:00,24.411,24.816,24.101,24.149,46138.0
2023-09-03 00:00:00,24.178,24.286,24.086,24.26,7148.0
2023-09-04 00:00:00,24.257,24.269,23.837,23.871,23684.0
2023-09-05 00:00:00,23.868,23.886,23.459,23.54,49321.0
2023-09-06 00:00:00,23.54,23.587,22.989,23.128,46659.0
2023-09-07 00:00:00,23.129,23.137,22.827,23.072,38208.0
2023-09-08 00:00:00,23.074,23.165,22.844,22.908,28823.0
2023-09-10 00:00:00,22.892,23.055,22.881,23.013,8801.0
2023-09-11 00:00:00,23.011,23.216,22.936,23.163,35499.0
2023-09-12 00:00:00,23.165,23.168,22.82,22.882,38247.0
2023-09-13 00:00:00,22.876,23.018,22.729,22.762,52729.0
2023-09-14 00:00:00,22.763,22.948,22.286,22.858,62129.0
2023-09-15 00:00:00,22.861,23.285,22.854,23.022,45617.0
2023-09-17 00:00:00,23.022,23.19,23.003,23.128,10482.0
2023-09-18 00:00:00,23.123,23.294,22.946,23.181,38296.0
2023-09-19 00:00:00,23.181,23.415,23.033,23.053,36230.0
2023-09-20 00:00:00,23.052,23.585,23.018,23.14,52340.0
2023-09-21 00:00:00,23.143,23.506,22.799,23.49,52067.0
2023-09-22 00:00:00,23.491,23.765,23.487,23.497,36607.0
2023-09-24 00:00:00,23.504,23.597,23.447,23.486,6545.0
2023-09-25 00:00:00,23.485,23.641,22.94,22.956,39149.0
2023-09-26 00:00:00,22.951,23.083,22.703,22.759,42603.0
2023-09-27 00:00:00,22.756,22.869,22.395,22.495,46393.0
2023-09-28 00:00:00,22.494,22.85,22.384,22.838,54055.0
2023-09-29 00:00:00,22.832,23.549,22.106,22.169,56285.0
2023-10-01 00:00:00,22.146,22.183,21.811,21.843,6992.0
2023-10-02 00:00:00,21.842,21.891,20.652,20.942,70156.0
2023-10-03 00:00:00,20.946,21.39,20.909,21.009,74016.0
2023-10-04 00:00:00,21.012,21.393,20.673,21.205,71049.0
2023-10-05 00:00:00,21.205,21.288,20.696,21.009,50679.0
2023-10-06 00:00:00,21.008,21.611,20.79,21.527,65645.0
2023-10-08 00:00:00,21.756,22.006,21.681,21.804,17430.0
2023-10-09 00:00:00,21.805,21.953,21.554,21.791,48798.0
2023-10-10 00:00:00,21.793,21.897,21.614,21.828,42992.0
2023-10-11 00:00:00,21.828,22.142,21.804,22.105,46688.0
2023-10-12 00:00:00,22.105,22.233,21.739,21.925,45165.0
2023-10-13 00:00:00,21.932,22.809,21.923,22.716,58006.0
2023-10-15 00:00:00,22.716,22.716,22.579,22.697,6550.0
2023-10-16 00:00:00,22.698,22.715,22.357,22.493,42085.0
2023-10-17 00:00:00,22.493,23.155,22.44,23.075,50497.0
2023-10-18 00:00:00,23.075,23.313,22.666,22.808,57386.0
2023-10-19 00:00:00,22.807,23.119,22.627,22.949,72974.0
2023-10-20 00:00:00,22.944,23.691,22.863,23.35,53674.0
2023-10-22 00:00:00,22.933,23.286,22.927,23.273,9261.0
2023-10-23 00:00:00,23.268,23.326,22.903,23.128,50076.0
2023-10-24 00:00:00,23.134,23.199,22.645,22.905,53547.0
2023-10-25 00:00:00,22.906,22.998,22.54,22.936,50149.0
2023-10-26 00:00:00,22.938,23.132,22.433,22.862,55122.0
2023-10-27 00:00:00,22.866,23.115,22.645,23.1,45866.0
2023-10-28 00:00:00,23.1,23.1,23.1,23.1,0.0
2023-10-29 00:00:00,23.1,23.162,23.028,23.104,9820.0
2023-10-30 00:00:00,23.105,23.596,23.023,23.129,48373.0
2023-10-31 00:00:00,23.132,23.308,22.601,22.633,52439.0
2023-11-01 00:00:00,22.633,23.051,22.527,23.004,60228.0
2023-11-02 00:00:00,22.998,23.116,22.627,22.692,46964.0
2023-11-03 00:00:00,22.695,23.296,22.577,23.196,59546.0
2023-11-04 00:00:00,23.196,23.196,23.196,23.196,0.0
2023-11-05 00:00:00,23.196,23.236,23.086,23.121,8153.0
2023-11-06 00:00:00,23.13,23.248,22.849,22.869,43299.0
2023-11-07 00:00:00,22.871,22.899,22.413,22.486,51236.0
2023-11-08 00:00:00,22.487,22.838,22.284,22.405,43787.0
2023-11-09 00:00:00,22.395,22.982,22.344,22.701,56371.0
2023-11-10 00:00:00,22.701,22.717,22.179,22.238,45734.0
2023-11-12 00:00:00,22.245,22.336,21.977,22.012,8077.0
2023-11-13 00:00:00,22.008,22.391,21.867,22.339,44429.0
2023-11-14 00:00:00,22.338,23.184,22.227,23.166,60540.0
2023-11-15 00:00:00,23.166,23.612,23.137,23.43,58739.0
2023-11-16 00:00:00,23.429,24.071,23.376,23.803,65040.0
2023-11-17 00:00:00,23.805,24.136,23.649,23.699,48434.0
2023-11-19 00:00:00,23.673,23.803,23.55,23.706,12107.0
2023-11-20 00:00:00,23.71,23.799,23.231,23.779,63734.0
2023-11-21 00:00:00,23.768,24.009,23.477,23.807,66561.0
2023-11-22 00:00:00,23.806,23.938,23.528,23.693,68049.0
2023-11-23 00:00:00,23.694,23.783,23.595,23.728,32714.0
2023-11-24 00:00:00,23.727,24.307,23.554,24.294,35880.0
2023-11-26 00:00:00,24.309,24.809,24.245,24.66,18172.0
2023-11-27 00:00:00,24.659,24.87,24.552,24.611,55265.0
2023-11-28 00:00:00,24.603,25.194,24.54,25.026,60741.0
2023-11-29 00:00:00,25.023,25.251,24.831,24.974,66908.0
2023-11-30 00:00:00,24.974,25.46,24.916,25.28,64875.0
2023-12-01 00:00:00,25.28,25.514,25.077,25.471,61992.0
2023-12-03 00:00:00,25.433,25.912,25.376,25.448,29325.0
2023-12-04 00:00:00,25.443,25.536,24.399,24.537,88773.0
2023-12-05 00:00:00,24.538,24.603,23.952,24.233,73089.0
2023-12-06 00:00:00,24.235,24.351,23.777,23.805,63092.0
2023-12-07 00:00:00,23.801,24.018,23.566,23.82,63670.0
2023-12-08 00:00:00,23.822,23.863,22.929,22.988,68356.0
2023-12-10 00:00:00,22.986,23.094,22.9,22.937,10469.0
2023-12-11 00:00:00,22.939,23.08,22.708,22.914,52083.0
2023-12-12 00:00:00,22.911,23.145,22.614,22.647,52810.0
2023-12-13 00:00:00,22.649,23.977,22.498,23.822,75589.0
2023-12-14 00:00:00,23.82,24.209,23.794,24.116,84184.0
2023-12-15 00:00:00,24.122,24.279,23.746,23.853,64129.0
2023-12-17 00:00:00,23.821,23.923,23.705,23.913,9766.0
2023-12-18 00:00:00,23.915,24.047,23.648,23.829,52455.0
2023-12-19 00:00:00,23.828,24.161,23.788,24.108,51423.0
2023-12-20 00:00:00,24.109,24.427,23.941,24.273,54455.0
2023-12-21 00:00:00,24.274,24.497,23.986,24.401,58126.0
2023-12-22 00:00:00,24.401,24.595,24.078,24.183,54694.0
2023-12-25 00:00:00,24.183,24.392,23.98,24.382,4432.0
2023-12-26 00:00:00,24.383,24.407,24.049,24.191,31770.0
2023-12-27 00:00:00,24.195,24.48,23.935,24.424,52156.0
2023-12-28 00:00:00,24.422,24.453,23.789,23.817,51262.0
2023-12-29 00:00:00,23.813,23.973,23.525,23.776,45458.0
2024-01-01 00:00:00,23.805,23.95,23.763,23.915,9163.0
2024-01-02 00:00:00,23.918,24.086,23.611,23.675,58821.0
2024-01-03 00:00:00,23.675,23.678,22.826,22.952,73528.0
2024-01-04 00:00:00,22.946,23.188,22.676,23.106,48460.0
2024-01-05 00:00:00,23.111,23.507,22.762,23.182,71545.0
2024-01-07 00:00:00,23.118,23.202,22.996,23.008,8016.0
2024-01-08 00:00:00,23.011,23.196,22.825,23.126,58158.0
2024-01-09 00:00:00,23.126,23.364,22.883,22.937,53004.0
2024-01-10 00:00:00,22.937,23.097,22.763,23.008,50821.0
2024-01-11 00:00:00,23.013,23.192,22.462,22.87,84231.0
2024-01-12 00:00:00,22.867,23.523,22.804,23.175,62594.0
2024-01-14 00:00:00,23.158,23.325,23.103,23.241,7207.0
2024-01-15 00:00:00,23.241,23.297,23.07,23.129,28230.0
2024-01-16 00:00:00,23.129,23.207,22.784,22.848,70849.0
2024-01-17 00:00:00,22.847,22.873,22.495,22.588,63565.0
2024-01-18 00:00:00,22.595,22.785,22.33,22.674,53228.0
2024-01-19 00:00:00,22.675,22.835,22.45,22.598,47673.0
2024-01-21 00:00:00,22.588,22.654,22.489,22.502,8647.0
2024-01-22 00:00:00,22.509,22.509,21.91,22.282,57406.0
2024-01-23 00:00:00,22.282,22.459,22.206,22.38,47280.0
2024-01-24 00:00:00,22.379,22.952,22.325,22.722,66007.0
2024-01-25 00:00:00,22.727,23.015,22.707,22.894,60264.0
2024-01-26 00:00:00,22.893,22.973,22.688,22.778,37363.0
2024-01-28 00:00:00,22.778,22.969,22.778,22.917,8818.0
2024-01-29 00:00:00,22.915,23.235,22.757,23.13,43883.0
2024-01-30 00:00:00,23.131,23.295,22.927,23.076,46737.0
2024-01-31 00:00:00,23.079,23.316,22.765,22.986,79175.0
2024-02-01 00:00:00,22.986,23.247,22.499,23.156,73863.0
2024-02-02 00:00:00,23.149,23.242,22.388,22.673,62548.0
2024-02-04 00:00:00,22.709,22.714,22.502,22.537,10947.0
2024-02-05 00:00:00,22.544,22.59,22.226,22.356,53247.0
2024-02-06 00:00:00,22.352,22.478,22.246,22.338,43858.0
2024-02-07 00:00:00,22.33,22.438,22.148,22.239,43624.0
2024-02-08 00:00:00,22.243,22.655,22.129,22.607,44130.0
2024-02-09 00:00:00,22.603,22.713,22.35,22.591,34393.0
2024-02-11 00:00:00,22.539,22.719,22.529,22.694,2919.0
2024-02-12 00:00:00,22.694,23.067,22.505,22.703,35048.0
2024-02-13 00:00:00,22.703,22.933,21.966,22.026,55973.0
2024-02-14 00:00:00,22.022,22.479,21.921,22.405,44696.0
2024-02-15 00:00:00,22.401,23.03,22.398,22.948,54148.0
2024-02-16 00:00:00,22.939,23.492,22.776,23.398,45406.0
2024-02-18 00:00:00,23.398,23.442,23.007,23.094,9953.0
2024-02-19 00:00:00,23.089,23.167,22.908,22.96,20259.0
2024-02-20 00:00:00,22.966,23.184,22.902,23.147,42389.0
2024-02-21 00:00:00,23.143,23.17,22.608,22.966,46411.0
2024-02-22 00:00:00,22.971,23.154,22.671,22.771,49583.0
2024-02-23 00:00:00,22.772,22.992,22.542,22.938,42724.0
2024-02-25 00:00:00,22.928,22.928,22.757,22.827,5919.0
2024-02-26 00:00:00,22.826,22.864,22.435,22.532,44583.0
2024-02-27 00:00:00,22.531,22.706,22.367,22.405,36966.0
2024-02-28 00:00:00,22.405,22.524,22.261,22.497,34081.0
2024-02-29 00:00:00,22.497,22.78,22.297,22.725,36768.0
2024-03-01 00:00:00,22.727,23.261,22.494,23.106,43130.0
2024-03-03 00:00:00,23.098,23.173,23.013,23.028,6619.0
2024-03-04 00:00:00,23.033,23.949,23.008,23.723,50755.0
2024-03-05 00:00:00,23.716,24.22,23.558,23.614,63813.0
2024-03-06 00:00:00,23.614,24.297,23.609,24.183,67000.0
2024-03-07 00:00:00,24.182,24.495,23.995,24.324,54535.0
2024-03-08 00:00:00,24.332,24.625,24.159,24.305,63354.0
2024-03-09 00:00:00,24.305,24.305,24.305,24.305,0.0
2024-03-10 00:00:00,24.305,24.455,24.224,24.274,8975.0
2024-03-11 00:00:00,24.265,24.526,24.248,24.466,49160.0
2024-03-12 00:00:00,24.466,24.674,23.96,24.098,67647.0
2024-03-13 00:00:00,24.097,25.149,24.089,24.958,61342.0
2024-03-14 00:00:00,24.956,25.088,24.72,24.991,57851.0
2024-03-15 00:00:00,24.992,25.437,24.968,25.173,52163.0
2024-03-16 00:00:00,25.173,25.173,25.173,25.173,0.0
2024-03-17 00:00:00,25.173,25.176,24.934,24.99,8358.0
2024-03-18 00:00:00,24.985,25.321,24.963,25.105,45642.0
2024-03-19 00:00:00,25.102,25.113,24.718,24.869,52097.0
2024-03-20 00:00:00,24.875,25.768,24.734,25.62,78467.0
2024-03-21 00:00:00,25.62,25.736,24.489,24.528,82934.0
2024-03-22 00:00:00,24.526,24.939,24.386,24.658,52995.0
2024-03-23 00:00:00,24.658,24.658,24.658,24.658,0.0
2024-03-24 00:00:00,24.658,24.884,24.584,24.679,13704.0
2024-03-25 00:00:00,24.677,24.849,24.536,24.645,49971.0
2024-03-26 00:00:00,24.631,24.884,24.307,24.449,70488.0
2024-03-27 00:00:00,24.449,24.717,24.386,24.678,54370.0
2024-03-28 00:00:00,24.673,25.001,24.374,24.951,63448.0
2024-03-31 00:00:00,24.985,25.284,24.972,25.243,16068.0
2024-04-01 00:00:00,25.243,25.377,24.732,25.25,56961.0
2024-04-02 00:00:00,25.25,26.551,25.235,26.379,84256.0
2024-04-03 00:00:00,26.381,27.327,26.157,27.092,96016.0
2024-04-04 00:00:00,27.092,27.274,26.271,26.493,86118.0
2024-04-05 00:00:00,26.493,27.491,26.34,27.473,85168.0
2024-04-07 00:00:00,27.388,28.077,26.843,27.876,36539.0
2024-04-08 00:00:00,27.876,28.131,27.22,27.782,109674.0
2024-04-09 00:00:00,27.786,28.315,27.602,28.091,112067.0
2024-04-10 00:00:00,28.102,28.512,27.514,27.979,128120.0
2024-04-11 00:00:00,27.98,28.931,27.751,28.763,104485.0
2024-04-12 00:00:00,28.764,29.787,27.839,27.845,136565.0
2024-04-14 00:00:00,28.102,28.354,27.573,28.219,34634.0
2024-04-15 00:00:00,28.217,29.008,28.086,28.823,124596.0
2024-04-16 00:00:00,28.828,28.86,27.937,28.133,124559.0
2024-04-17 00:00:00,28.135,28.797,28.035,28.393,113097.0
2024-04-18 00:00:00,28.392,28.934,28.069,28.351,125644.0
2024-04-19 00:00:00,28.351,28.779,28.054,28.667,90163.0
2024-04-21 00:00:00,28.689,28.705,27.779,28.0,21072.0
2024-04-22 00:00:00,28.001,28.061,26.755,26.928,114201.0
2024-04-23 00:00:00,26.926,27.46,26.648,27.434,99590.0
2024-04-24 00:00:00,27.437,27.48,26.965,27.084,88879.0
2024-04-25 00:00:00,27.085,27.571,27.044,27.474,100866.0
2024-04-26 00:00:00,27.476,27.724,27.07,27.196,76979.0
2024-04-28 00:00:00,27.172,27.255,26.926,27.238,15889.0
2024-04-29 00:00:00,27.23,27.427,26.843,26.94,94068.0
2024-04-30 00:00:00,26.942,26.942,26.23,26.38,83486.0
2024-05-01 00:00:00,26.38,26.962,26.176,26.553,105985.0
2024-05-02 00:00:00,26.562,26.761,26.003,26.63,80579.0
2024-05-03 00:00:00,26.634,26.874,26.105,26.539,79475.0
2024-05-05 00:00:00,26.572,26.992,26.414,26.886,17790.0
2024-05-06 00:00:00,26.886,27.506,26.826,27.388,64317.0
2024-05-07 00:00:00,27.388,27.516,27.067,27.339,72956.0
2024-05-08 00:00:00,27.336,27.503,26.997,27.469,54049.0
2024-05-09 00:00:00,27.458,28.473,27.457,28.359,76692.0
2024-05-10 00:00:00,28.36,28.761,28.03,28.146,78855.0
2024-05-12 00:00:00,28.181,28.226,27.951,28.098,14231.0
2024-05-13 00:00:00,28.098,28.415,27.962,28.398,74153.0
2024-05-14 00:00:00,28.406,28.734,27.98,28.578,92324.0
2024-05-15 00:00:00,28.58,29.84,28.501,29.527,130005.0
2024-05-16 00:00:00,29.535,29.727,29.314,29.51,100229.0
2024-05-17 00:00:00,29.51,31.589,29.465,31.503,110733.0
2024-05-19 00:00:00,31.529,32.504,31.276,32.318,32211.0
2024-05-20 00:00:00,32.317,32.493,30.928,31.391,176012.0
2024-05-21 00:00:00,31.388,32.275,31.199,31.674,127401.0
2024-05-22 00:00:00,31.673,31.906,30.231,30.522,152821.0
2024-05-23 00:00:00,30.523,30.936,29.923,30.224,159229.0
2024-05-24 00:00:00,30.229,30.617,30.204,30.336,78011.0
2024-05-26 00:00:00,30.352,30.854,30.341,30.814,15749.0
2024-05-27 00:00:00,30.808,31.875,30.708,31.742,89869.0
2024-05-28 00:00:00,31.731,32.239,31.23,32.089,135680.0
2024-05-29 00:00:00,32.091,32.292,31.264,31.592,139690.0
2024-05-30 00:00:00,31.598,31.795,30.76,30.948,141760.0
2024-05-31 00:00:00,30.947,31.759,30.178,30.385,134421.0
2024-06-02 00:00:00,30.423,30.626,30.101,30.15,24969.0
2024-06-03 00:00:00,30.147,30.881,29.766,30.556,134939.0
2024-06-04 00:00:00,30.556,30.791,29.365,29.684,142893.0
2024-06-05 00:00:00,29.687,30.611,29.376,30.409,117777.0
2024-06-06 00:00:00,30.409,31.444,30.1,31.317,118508.0
2024-06-07 00:00:00,31.322,31.54,29.104,29.161,134272.0
2024-06-09 00:00:00,29.182,29.555,29.113,29.381,12555.0
2024-06-10 00:00:00,29.38,29.863,29.019,29.218,101472.0
2024-06-11 00:00:00,29.219,29.541,29.037,29.435,97111.0
2024-06-12 00:00:00,29.43,30.246,28.828,29.155,142439.0
2024-06-13 00:00:00,29.144,29.48,28.644,28.978,117592.0
2024-06-14 00:00:00,28.977,29.573,28.861,29.54,94449.0
2024-06-16 00:00:00,29.551,29.562,29.169,29.219,19691.0
2024-06-17 00:00:00,29.22,29.668,29.01,29.486,87163.0
2024-06-18 00:00:00,29.486,29.568,28.912,29.415,89002.0
2024-06-19 00:00:00,29.416,30.247,29.333,30.185,66435.0
2024-06-20 00:00:00,30.189,30.843,30.011,30.606,117041.0
2024-06-21 00:00:00,30.604,30.669,29.456,29.526,95896.0
2024-06-23 00:00:00,29.518,29.629,29.33,29.525,23223.0
2024-06-24 00:00:00,29.533,29.715,29.238,29.438,78782.0
2024-06-25 00:00:00,29.439,29.657,28.688,28.914,94906.0
2024-06-26 00:00:00,28.909,29.065,28.558,28.763,90343.0
2024-06-27 00:00:00,28.761,29.242,28.678,29.068,95934.0
2024-06-28 00:00:00,29.064,29.618,28.971,29.122,81719.0
2024-06-30 00:00:00,29.101,29.162,28.958,29.093,15776.0
2024-07-01 00:00:00,29.093,29.486,28.948,29.283,83090.0
2024-07-02 00:00:00,29.278,29.813,29.191,29.625,79317.0
2024-07-03 00:00:00,29.629,30.663,29.621,30.371,89844.0
2024-07-04 00:00:00,30.366,30.593,30.12,30.537,50536.0
2024-07-05 00:00:00,30.535,31.481,29.9,31.21,101968.0
2024-07-07 00:00:00,31.133,31.361,30.972,31.053,19677.0
2024-07-08 00:00:00,31.054,31.218,30.422,30.971,97160.0
2024-07-09 00:00:00,30.972,31.14,30.497,30.811,88825.0
2024-07-10 00:00:00,30.809,31.157,30.633,31.005,78835.0
2024-07-11 00:00:00,31.005,31.744,30.864,31.183,116031.0
2024-07-12 00:00:00,31.183,31.219,30.373,30.775,92173.0
2024-07-14 00:00:00,30.761,30.938,30.524,30.924,15243.0
2024-07-15 00:00:00,30.926,31.089,30.509,30.809,99684.0
2024-07-16 00:00:00,30.806,31.422,30.471,31.079,113793.0
2024-07-17 00:00:00,31.079,31.133,30.03,30.402,132393.0
2024-07-18 00:00:00,30.402,30.588,29.369,29.656,117457.0
2024-07-19 00:00:00,29.656,29.673,28.859,29.212,98204.0
2024-07-21 00:00:00,29.188,29.42,29.051,29.132,21064.0
2024-07-22 00:00:00,29.132,29.294,28.734,29.018,96284.0
2024-07-23 00:00:00,29.012,29.358,28.65,29.296,94129.0
2024-07-24 00:00:00,29.298,29.444,27.788,27.9,120275.0
2024-07-25 00:00:00,27.9,28.107,27.398,27.777,143950.0
2024-07-26 00:00:00,27.776,27.95,27.575,27.897,81839.0
2024-07-28 00:00:00,27.886,28.186,27.854,28.085,22006.0
2024-07-29 00:00:00,28.085,28.169,27.296,27.83,99702.0
2024-07-30 00:00:00,27.832,28.623,27.596,28.586,111567.0
2024-07-31 00:00:00,28.591,29.151,28.45,28.887,123666.0
2024-08-01 00:00:00,28.887,29.13,28.164,28.775,139174.0
2024-08-02 00:00:00,28.775,29.218,27.933,28.562,142047.0
2024-08-04 00:00:00,28.541,28.623,27.993,28.581,44149.0
2024-08-05 00:00:00,28.584,28.664,26.487,27.235,217067.0
2024-08-06 00:00:00,27.234,27.295,26.587,27.097,150093.0
2024-08-07 00:00:00,27.095,27.258,26.395,26.92,124318.0
2024-08-08 00:00:00,26.922,27.753,26.737,27.638,122176.0
2024-08-09 00:00:00,27.636,27.669,27.242,27.437,81810.0
2024-08-11 00:00:00,27.453,27.468,27.209,27.371,15675.0
2024-08-12 00:00:00,27.368,28.04,27.359,27.702,97272.0
2024-08-13 00:00:00,27.701,27.993,27.436,27.696,93330.0
2024-08-14 00:00:00,27.692,28.019,27.165,27.705,112284.0
2024-08-15 00:00:00,27.711,28.513,27.645,28.142,111792.0
2024-08-16 00:00:00,28.143,29.031,28.028,29.019,77358.0
2024-08-18 00:00:00,29.027,29.113,28.713,28.996,25570.0
2024-08-19 00:00:00,28.992,29.49,28.797,29.308,97456.0
2024-08-20 00:00:00,29.312,29.962,29.274,29.524,111478.0
2024-08-21 00:00:00,29.524,29.729,29.195,29.431,104852.0
2024-08-22 00:00:00,29.434,29.674,28.772,29.18,113724.0
2024-08-23 00:00:00,29.18,29.876,29.168,29.817,102604.0
2024-08-25 00:00:00,29.826,29.918,29.638,29.676,22830.0
2024-08-26 00:00:00,29.677,30.182,29.635,29.892,94425.0
2024-08-27 00:00:00,29.896,30.094,29.688,29.859,96410.0
2024-08-28 00:00:00,29.859,29.862,28.958,29.456,102022.0
2024-08-29 00:00:00,29.456,29.675,29.179,29.329,104391.0
2024-08-30 00:00:00,29.327,29.58,28.674,28.844,98722.0
2024-09-01 00:00:00,28.829,28.963,28.311,28.438,17867.0
2024-09-02 00:00:00,28.435,28.663,28.275,28.421,60216.0
2024-09-03 00:00:00,28.425,28.503,27.697,27.998,113203.0
2024-09-04 00:00:00,27.998,28.403,27.757,28.206,99152.0
2024-09-05 00:00:00,28.206,29.167,28.197,28.779,108257.0
2024-09-06 00:00:00,28.78,29.105,27.672,27.893,138116.0
2024-09-08 00:00:00,27.922,28.115,27.758,28.073,22016.0
2024-09-09 00:00:00,28.063,28.406,27.682,28.277,91514.0
2024-09-10 00:00:00,28.277,28.568,28.014,28.453,101717.0
2024-09-11 00:00:00,28.446,28.866,28.053,28.698,128640.0
2024-09-12 00:00:00,28.702,30.055,28.685,29.932,136271.0
2024-09-13 00:00:00,29.933,30.912,29.865,30.691,98044.0
2024-09-15 00:00:00,30.69,30.995,30.69,30.979,10758.0
2024-09-16 00:00:00,30.986,31.086,30.576,30.788,89270.0
2024-09-17 00:00:00,30.788,30.981,30.331,30.462,108137.0
2024-09-18 00:00:00,30.461,31.226,29.69,30.355,157133.0
2024-09-19 00:00:00,30.354,31.293,30.313,31.036,150924.0
2024-09-20 00:00:00,31.038,31.424,30.887,31.149,113447.0
2024-09-22 00:00:00,31.198,31.22,30.936,31.051,17782.0
2024-09-23 00:00:00,31.052,31.138,30.339,31.07,125712.0
2024-09-24 00:00:00,31.066,32.273,30.663,31.955,158787.0
2024-09-25 00:00:00,31.959,32.24,31.55,31.886,136778.0
2024-09-26 00:00:00,31.885,32.709,31.661,31.939,169844.0
2024-09-27 00:00:00,31.939,32.288,31.349,31.532,128767.0
2024-09-29 00:00:00,31.605,31.848,31.232,31.494,30775.0
2024-09-30 00:00:00,31.494,31.709,30.87,31.319,108599.0
2024-10-01 00:00:00,31.319,31.842,31.243,31.31,127488.0
2024-10-02 00:00:00,31.308,32.297,30.983,31.637,114667.0
2024-10-03 00:00:00,31.641,32.209,31.397,32.103,116141.0
2024-10-04 00:00:00,32.103,32.951,31.488,32.165,119835.0
2024-10-06 00:00:00,32.168,32.333,32.033,32.092,19787.0
2024-10-07 00:00:00,32.095,32.117,31.003,31.385,130696.0
2024-10-08 00:00:00,31.387,31.555,30.106,30.56,166342.0
2024-10-09 00:00:00,30.557,30.773,30.203,30.479,121446.0
2024-10-10 00:00:00,30.478,31.328,30.355,31.28,129197.0
2024-10-11 00:00:00,31.282,31.628,31.045,31.425,87452.0
2024-10-13 00:00:00,31.487,31.493,30.723,31.267,19853.0
2024-10-14 00:00:00,31.269,31.539,31.01,31.127,86807.0
2024-10-15 00:00:00,31.129,31.681,30.748,31.59,98691.0
2024-10-16 00:00:00,31.591,32.171,31.406,31.541,118468.0
2024-10-17 00:00:00,31.545,32.164,31.298,31.983,134492.0
2024-10-18 00:00:00,31.977,33.749,31.784,33.691,119448.0
2024-10-20 00:00:00,33.735,34.104,33.513,34.047,38325.0
2024-10-21 00:00:00,34.04,34.263,33.439,34.047,149203.0
2024-10-22 00:00:00,34.045,34.863,33.909,34.637,149366.0
2024-10-23 00:00:00,34.634,34.832,33.415,33.876,161963.0
2024-10-24 00:00:00,33.883,34.294,33.337,33.425,114135.0
2024-10-25 00:00:00,33.426,34.01,33.073,33.69,120909.0
2024-10-26 00:00:00,33.69,33.69,33.69,33.69,0.0
2024-10-27 00:00:00,33.69,33.69,33.213,33.311,31780.0
2024-10-28 00:00:00,33.309,34.094,33.267,33.937,126800.0
2024-10-29 00:00:00,33.939,34.537,33.704,34.192,151381.0
2024-10-30 00:00:00,34.185,34.35,33.395,33.542,151271.0
2024-10-31 00:00:00,33.536,33.748,32.488,32.771,143463.0
2024-11-01 00:00:00,32.771,33.114,32.467,32.673,88602.0
2024-11-02 00:00:00,32.673,32.673,32.673,32.673,0.0
2024-11-03 00:00:00,32.673,32.725,32.203,32.699,23874.0
2024-11-04 00:00:00,32.697,32.869,32.231,32.446,122882.0
2024-11-05 00:00:00,32.44,32.915,32.009,32.323,149169.0
2024-11-06 00:00:00,32.324,32.36,30.816,30.953,201567.0
2024-11-07 00:00:00,30.958,32.148,30.919,31.711,154380.0
2024-11-08 00:00:00,31.71,31.841,31.174,31.288,115740.0
2024-11-10 00:00:00,31.255,31.411,31.082,31.208,25445.0
2024-11-11 00:00:00,31.201,31.556,30.411,30.567,117921.0
2024-11-12 00:00:00,30.57,31.035,30.179,30.946,143828.0
2024-11-13 00:00:00,30.951,31.136,30.027,30.2,144889.0
2024-11-14 00:00:00,30.195,30.648,29.66,30.504,152930.0
2024-11-15 00:00:00,30.505,30.81,30.167,30.235,105400.0
2024-11-17 00:00:00,30.303,30.714,30.255,30.696,26373.0
2024-11-18 00:00:00,30.691,31.429,30.505,31.308,109291.0
2024-11-19 00:00:00,31.3,31.527,31.033,31.18,126710.0
2024-11-20 00:00:00,31.178,31.227,30.76,31.125,102520.0
2024-11-21 00:00:00,31.125,31.302,30.632,30.946,108393.0
2024-11-22 00:00:00,30.941,31.4,30.757,31.327,94521.0
2024-11-24 00:00:00,31.284,31.466,30.678,30.781,35060.0
2024-11-25 00:00:00,30.778,30.863,29.97,30.336,142963.0
2024-11-26 00:00:00,30.334,30.686,30.107,30.464,94565.0
2024-11-27 00:00:00,30.459,30.693,29.621,29.871,86343.0
2024-11-28 00:00:00,29.872,30.724,29.8,30.692,56596.0
2024-11-29 00:00:00,30.688,30.889,30.508,30.614,57526.0
2024-12-01 00:00:00,30.621,30.626,30.121,30.159,29336.0
2024-12-02 00:00:00,30.158,30.701,30.042,30.569,94022.0
2024-12-03 00:00:00,30.568,31.104,30.507,31.028,95888.0
2024-12-04 00:00:00,31.028,31.466,30.435,31.2,115659.0
2024-12-05 00:00:00,31.201,31.427,30.891,31.398,106183.0
2024-12-06 00:00:00,31.399,31.405,30.808,30.964,91433.0
2024-12-08 00:00:00,31.076,31.285,30.866,30.901,28567.0
2024-12-09 00:00:00,30.909,32.274,30.849,31.952,124441.0
2024-12-10 00:00:00,31.96,32.089,31.448,31.58,102523.0
2024-12-11 00:00:00,31.578,32.17,31.406,32.056,120016.0
2024-12-12 00:00:00,32.057,32.298,30.808,30.932,131980.0
2024-12-13 00:00:00,30.907,30.997,30.268,30.525,106798.0
2024-12-15 00:00:00,30.507,30.591,30.363,30.424,15057.0
2024-12-16 00:00:00,30.378,30.741,30.199,30.413,80075.0
2024-12-17 00:00:00,30.412,30.565,30.135,30.38,91358.0
2024-12-18 00:00:00,30.376,30.474,29.238,29.423,119967.0
2024-12-19 00:00:00,29.422,29.701,28.73,28.968,120495.0
2024-12-20 00:00:00,28.967,29.685,28.794,29.488,97603.0
2024-12-22 00:00:00,29.488,29.74,29.488,29.643,14014.0
2024-12-23 00:00:00,29.643,29.862,29.401,29.743,76932.0
2024-12-24 00:00:00,29.743,29.768,29.464,29.61,32388.0
2024-12-25 00:00:00,29.629,29.743,29.589,29.628,10101.0
2024-12-26 00:00:00,29.624,29.878,29.47,29.789,65211.0
2024-12-27 00:00:00,29.789,29.863,29.288,29.354,58245.0
2024-12-29 00:00:00,29.324,29.457,29.309,29.432,9543.0
2024-12-30 00:00:00,29.432,29.51,28.693,28.868,71453.0
2024-12-31 00:00:00,28.858,29.022,28.764,28.887,60565.0
2025-01-01 00:00:00,28.889,29.319,28.86,29.311,17922.0
2025-01-02 00:00:00,29.312,29.628,29.168,29.599,87235.0
2025-01-03 00:00:00,29.598,29.887,29.495,29.597,63936.0
2025-01-05 00:00:00,29.57,29.743,29.557,29.56,14882.0
2025-01-06 00:00:00,29.56,30.337,29.389,30.023,108540.0
2025-01-07 00:00:00,30.023,30.375,29.875,30.018,87632.0
2025-01-08 00:00:00,30.018,30.338,29.785,30.118,91828.0
2025-01-09 00:00:00,30.117,30.469,29.984,30.22,61762.0
2025-01-10 00:00:00,30.219,30.652,29.934,30.38,111767.0
2025-01-12 00:00:00,30.381,30.497,30.18,30.215,20578.0
2025-01-13 00:00:00,30.215,30.368,29.491,29.694,130486.0
2025-01-14 00:00:00,29.695,29.963,29.498,29.797,99004.0
2025-01-15 00:00:00,29.797,30.756,29.776,30.675,116287.0
2025-01-16 00:00:00,30.675,30.966,30.5,30.725,114545.0
2025-01-17 00:00:00,30.724,30.769,30.119,30.324,91293.0
2025-01-19 00:00:00,30.339,30.4,30.107,30.387,16368.0
2025-01-20 00:00:00,30.386,30.722,29.976,30.583,89178.0
2025-01-21 00:00:00,30.582,30.914,30.316,30.88,99631.0
2025-01-22 00:00:00,30.879,30.946,30.549,30.63,89985.0
2025-01-23 00:00:00,30.629,30.808,30.079,30.752,97735.0
2025-01-24 00:00:00,30.752,31.011,30.513,30.519,81964.0
2025-01-26 00:00:00,30.425,30.592,30.146,30.324,20415.0
2025-01-27 00:00:00,30.325,30.602,29.685,30.071,106441.0
2025-01-28 00:00:00,30.074,30.475,29.87,30.405,67418.0
2025-01-29 00:00:00,30.405,30.973,30.268,30.836,112452.0
2025-01-30 00:00:00,30.837,31.722,30.786,31.411,120453.0
2025-01-31 00:00:00,31.41,31.695,31.158,31.262,103624.0
2025-02-02 00:00:00,31.23,31.421,30.438,30.884,39519.0
2025-02-03 00:00:00,30.881,31.661,30.828,31.443,127894.0
2025-02-04 00:00:00,31.44,32.36,31.339,32.259,110663.0
2025-02-05 00:00:00,32.256,32.543,32.039,32.2,86765.0
2025-02-06 00:00:00,32.204,32.343,31.731,32.23,82924.0
2025-02-07 00:00:00,32.231,32.64,31.739,31.77,110324.0
2025-02-09 00:00:00,31.743,32.05,31.639,32.041,17421.0
2025-02-10 00:00:00,32.042,32.328,31.612,31.85,83948.0
2025-02-11 00:00:00,31.85,32.033,31.239,31.769,84387.0
2025-02-12 00:00:00,31.77,32.354,31.468,32.323,99970.0
2025-02-13 00:00:00,32.32,32.519,31.981,32.519,94771.0
2025-02-14 00:00:00,32.519,33.394,32.054,32.11,140310.0
2025-02-16 00:00:00,32.108,32.464,31.897,32.359,23332.0
2025-02-17 00:00:00,32.358,32.483,31.929,32.389,70795.0
2025-02-18 00:00:00,32.393,32.941,32.31,32.639,115835.0
2025-02-19 00:00:00,32.64,33.069,32.438,32.79,112039.0
2025-02-20 00:00:00,32.791,33.194,32.76,32.769,124987.0
2025-02-21 00:00:00,32.765,33.016,32.42,32.422,114843.0
2025-02-23 00:00:00,32.453,32.749,32.34,32.678,34338.0
2025-02-24 00:00:00,32.681,32.726,32.083,32.282,135239.0
2025-02-25 00:00:00,32.281,32.369,31.276,31.695,172567.0
2025-02-26 00:00:00,31.694,31.952,31.478,31.63,115121.0
2025-02-27 00:00:00,31.641,31.911,31.162,31.196,128906.0
2025-02-28 00:00:00,31.194,31.272,30.801,31.117,83554.0
2025-03-02 00:00:00,31.084,31.395,31.084,31.283,16441.0
2025-03-03 00:00:00,31.279,31.834,31.107,31.652,118462.0
2025-03-04 00:00:00,31.648,32.019,31.454,31.979,137532.0
2025-03-05 00:00:00,31.98,32.703,31.92,32.579,149919.0
2025-03-06 00:00:00,32.578,32.753,32.246,32.57,132321.0
2025-03-07 00:00:00,32.582,32.668,32.091,32.51,137818.0
2025-03-08 00:00:00,32.51,32.51,32.51,32.51,0.0
2025-03-09 00:00:00,32.51,32.655,32.309,32.413,26028.0
2025-03-10 00:00:00,32.414,32.616,31.795,32.192,146697.0
2025-03-11 00:00:00,32.191,32.97,32.009,32.743,123802.0
2025-03-12 00:00:00,32.743,33.315,32.692,33.128,118669.0
2025-03-13 00:00:00,33.13,33.95,32.921,33.839,142799.0
2025-03-14 00:00:00,33.835,34.074,33.509,33.817,107695.0
2025-03-15 00:00:00,33.817,33.817,33.817,33.817,0.0
2025-03-16 00:00:00,33.817,33.883,33.68,33.687,15401.0
2025-03-17 00:00:00,33.686,33.93,33.42,33.908,101903.0
2025-03-18 00:00:00,33.907,34.226,33.84,33.993,114763.0
2025-03-19 00:00:00,33.992,34.091,33.448,33.849,111948.0
2025-03-20 00:00:00,33.85,33.921,33.088,33.127,101593.0
2025-03-21 00:00:00,33.126,33.24,32.644,33.016,95121.0
2025-03-22 00:00:00,33.016,33.016,33.016,33.016,0.0
2025-03-23 00:00:00,33.016,33.18,32.931,33.155,15283.0
2025-03-24 00:00:00,33.154,33.294,32.866,33.111,73695.0
2025-03-25 00:00:00,33.112,33.798,33.075,33.599,89107.0
2025-03-26 00:00:00,33.6,33.917,33.49,33.676,94681.0
2025-03-27 00:00:00,33.675,34.485,33.614,34.305,129004.0
2025-03-28 00:00:00,34.304,34.579,33.907,34.108,121057.0
2025-03-30 00:00:00,34.111,34.329,33.879,34.234,30987.0
2025-03-31 00:00:00,34.235,34.457,33.486,34.152,142942.0
2025-04-01 00:00:00,34.152,34.159,33.449,33.807,107535.0
2025-04-02 00:00:00,33.808,34.13,32.936,33.392,137345.0
2025-04-03 00:00:00,33.392,33.422,31.395,31.462,162283.0
2025-04-04 00:00:00,31.461,31.683,29.172,29.558,167679.0
2025-04-06 00:00:00,29.147,30.797,28.108,29.937,51577.0
2025-04-07 00:00:00,29.938,30.583,29.58,30.051,219321.0
2025-04-08 00:00:00,30.052,30.519,29.318,29.797,161930.0
2025-04-09 00:00:00,29.796,31.165,29.693,31.141,177828.0
2025-04-10 00:00:00,31.141,31.344,30.557,31.32,168914.0
2025-04-11 00:00:00,31.319,32.27,31.136,32.192,146103.0
2025-04-13 00:00:00,32.192,32.279,31.794,31.855,22392.0
2025-04-14 00:00:00,31.858,32.385,31.716,32.267,105388.0
2025-04-15 00:00:00,32.269,32.485,32.078,32.39,85663.0
2025-04-16 00:00:00,32.391,33.101,32.112,32.637,141368.0
2025-04-17 00:00:00,32.628,32.655,32.074,32.484,98273.0
2025-04-20 00:00:00,32.418,32.787,32.413,32.774,18938.0
2025-04-21 00:00:00,32.774,33.044,32.467,32.805,100186.0
2025-04-22 00:00:00,32.805,33.141,32.078,32.692,165394.0
2025-04-23 00:00:00,32.691,33.667,32.602,33.296,140867.0
2025-04-24 00:00:00,33.295,33.664,33.16,33.396,85958.0
2025-04-25 00:00:00,33.396,33.491,32.761,33.012,79721.0
2025-04-27 00:00:00,33.075,33.142,32.643,32.829,20195.0
2025-04-28 00:00:00,32.832,33.235,32.763,32.966,92297.0
2025-04-29 00:00:00,32.968,33.524,32.788,32.861,93344.0
2025-04-30 00:00:00,32.86,32.975,31.957,32.015,109351.0
2025-05-01 00:00:00,32.015,32.703,31.656,32.675,89550.0
2025-05-02 00:00:00,32.673,32.697,31.92,31.979,83417.0
2025-05-04 00:00:00,32.002,32.193,31.944,32.131,18016.0
2025-05-05 00:00:00,32.133,33.068,32.109,33.061,92482.0
2025-05-06 00:00:00,33.062,33.247,32.805,32.945,105673.0
2025-05-07 00:00:00,32.944,33.088,32.231,32.842,102128.0
2025-05-08 00:00:00,32.845,32.93,32.207,32.421,106993.0
2025-05-09 00:00:00,32.422,32.859,32.405,32.491,74564.0
2025-05-11 00:00:00,32.296,32.813,32.296,32.797,21379.0
2025-05-12 00:00:00,32.796,33.029,31.857,33.013,116132.0
2025-05-13 00:00:00,33.013,33.22,32.507,32.623,101819.0
2025-05-14 00:00:00,32.622,32.924,31.79,31.855,99379.0
2025-05-15 00:00:00,31.854,32.679,31.637,32.354,91983.0
2025-05-16 00:00:00,32.354,32.467,31.852,32.244,77278.0
2025-05-18 00:00:00,32.32,32.546,32.251,32.275,20178.0
2025-05-19 00:00:00,32.274,32.612,32.161,32.176,66770.0
2025-05-20 00:00:00,32.178,33.167,32.114,33.039,81543.0
2025-05-21 00:00:00,33.038,33.601,32.965,33.568,98180.0
2025-05-22 00:00:00,33.568,33.685,32.596,33.13,103433.0
2025-05-23 00:00:00,33.128,33.531,32.885,33.47,74554.0
2025-05-25 00:00:00,33.421,33.558,33.342,33.454,15851.0
2025-05-26 00:00:00,33.455,33.542,33.223,33.3,40061.0
2025-05-27 00:00:00,33.3,33.34,32.748,33.269,77562.0
2025-05-28 00:00:00,33.274,33.424,32.684,33.18,76241.0
2025-05-29 00:00:00,33.185,33.489,32.937,32.955,78406.0
2025-05-30 00:00:00,32.948,33.3,32.75,32.972,73614.0
2025-06-01 00:00:00,33.003,33.124,32.939,33.019,16084.0
2025-06-02 00:00:00,33.026,34.779,33.016,34.024,126363.0
2025-06-03 00:00:00,34.028,34.637,34.016,34.47,87037.0
2025-06-04 00:00:00,34.47,34.583,34.164,34.484,80275.0
2025-06-05 00:00:00,34.483,36.056,34.419,36.022,156476.0
2025-06-06 00:00:00,36.025,36.322,35.799,35.961,105760.0
2025-06-08 00:00:00,36.001,36.086,35.898,35.985,19497.0
2025-06-09 00:00:00,35.981,36.876,35.956,36.521,112544.0
2025-06-10 00:00:00,36.516,36.796,36.305,36.586,105503.0
2025-06-11 00:00:00,36.58,36.615,35.97,36.363,127958.0
2025-06-12 00:00:00,36.362,36.627,35.44,36.246,145519.0
2025-06-13 00:00:00,36.245,36.448,35.961,36.3,111992.0
2025-06-15 00:00:00,36.339,36.389,36.04,36.228,24694.0
2025-06-16 00:00:00,36.226,36.528,36.116,36.228,122936.0
2025-06-17 00:00:00,36.229,37.256,36.224,37.232,128887.0
2025-06-18 00:00:00,37.236,37.303,36.514,36.743,110031.0
2025-06-19 00:00:00,36.743,36.767,35.654,35.792,87732.0
2025-06-20 00:00:00,35.789,36.152,35.496,35.969,83074.0
2025-06-22 00:00:00,36.029,36.125,35.796,36.084,24653.0
2025-06-23 00:00:00,36.089,36.354,35.584,36.117,112370.0
2025-06-24 00:00:00,36.113,36.179,35.266,35.912,112682.0
2025-06-25 00:00:00,35.905,36.413,35.66,36.373,89695.0
2025-06-26 00:00:00,36.372,36.821,36.225,36.394,116973.0
2025-06-27 00:00:00,36.395,36.621,35.777,35.956,116531.0
2025-06-29 00:00:00,35.929,36.165,35.394,36.104,24921.0
2025-06-30 00:00:00,36.104,36.222,35.787,36.011,79682.0
2025-07-01 00:00:00,36.011,36.607,35.89,35.972,110980.0
2025-07-02 00:00:00,35.971,36.576,35.861,36.354,87596.0
2025-07-03 00:00:00,36.355,37.064,36.309,36.782,92479.0
2025-07-04 00:00:00,36.776,36.946,36.653,36.908,40800.0
2025-07-06 00:00:00,36.912,37.215,36.639,36.75,20891.0
2025-07-07 00:00:00,36.754,36.82,36.139,36.771,98528.0
2025-07-08 00:00:00,36.772,36.87,36.276,36.559,114546.0
2025-07-09 00:00:00,36.56,36.716,36.256,36.437,87121.0
2025-07-10 00:00:00,36.438,37.215,36.356,37.171,125699.0
2025-07-11 00:00:00,37.17,38.524,37.063,38.308,104865.0
2025-07-13 00:00:00,38.308,38.916,38.308,38.897,41813.0
2025-07-14 00:00:00,38.899,39.121,37.896,38.119,141150.0
2025-07-15 00:00:00,38.119,38.37,37.572,37.822,114851.0
2025-07-16 00:00:00,37.825,38.08,37.484,37.978,113739.0
2025-07-17 00:00:00,37.975,38.188,37.526,38.136,103349.0
2025-07-18 00:00:00,38.133,38.431,38.064,38.147,74286.0
2025-07-20 00:00:00,38.147,38.321,38.073,38.156,10324.0
2025-07-21 00:00:00,38.157,39.043,38.146,38.835,101544.0
2025-07-22 00:00:00,38.825,39.366,38.703,39.204,121450.0
2025-07-23 00:00:00,39.207,39.52,38.784,39.03,139703.0
2025-07-24 00:00:00,39.03,39.185,38.682,39.003,98993.0
2025-07-25 00:00:00,39.007,39.125,37.936,38.137,93480.0
2025-07-27 00:00:00,38.067,38.297,37.957,38.228,17378.0
2025-07-28 00:00:00,38.234,38.327,37.886,38.11,88968.0
2025-07-29 00:00:00,38.109,38.282,37.892,38.199,98362.0
2025-07-30 00:00:00,38.2,38.236,36.767,37.168,134871.0
2025-07-31 00:00:00,37.165,37.265,36.197,36.558,117294.0
2025-08-01 00:00:00,36.558,37.176,36.342,37.017,115086.0
2025-08-03 00:00:00,36.979,37.09,36.656,37.075,15805.0
2025-08-04 00:00:00,37.073,37.48,37.05,37.397,76810.0
2025-08-05 00:00:00,37.398,37.872,37.294,37.812,79909.0
2025-08-06 00:00:00,37.811,38.021,37.597,38.015,76998.0
2025-08-07 00:00:00,38.016,38.495,37.817,38.156,144555.0
2025-08-08 00:00:00,38.155,38.472,37.987,38.339,103423.0
2025-08-10 00:00:00,38.299,38.383,37.903,38.059,20892.0
2025-08-11 00:00:00,38.061,38.213,37.492,37.866,100394.0
2025-08-12 00:00:00,37.872,38.189,37.552,38.131,89429.0
2025-08-13 00:00:00,38.137,38.728,38.116,38.556,66793.0
2025-08-14 00:00:00,38.556,38.595,37.804,38.018,100151.0
2025-08-15 00:00:00,38.018,38.092,37.669,37.993,60313.0
2025-08-17 00:00:00,38.007,38.127,37.802,38.111,12258.0
2025-08-18 00:00:00,38.112,38.256,37.709,37.906,64057.0
2025-08-19 00:00:00,37.903,38.134,37.151,37.198,77194.0
2025-08-20 00:00:00,37.2,37.961,36.951,37.839,75282.0
2025-08-21 00:00:00,37.838,38.195,37.519,38.063,69049.0
2025-08-22 00:00:00,38.062,39.057,37.684,38.888,76577.0
2025-08-24 00:00:00,38.899,38.985,38.749,38.827,12135.0
2025-08-25 00:00:00,38.829,38.971,38.327,38.718,66234.0
2025-08-26 00:00:00,38.717,38.842,38.361,38.528,76142.0
2025-08-27 00:00:00,38.529,38.768,38.071,38.699,74005.0
2025-08-28 00:00:00,38.698,39.111,38.665,38.827,80419.0
2025-08-29 00:00:00,38.826,39.961,38.4,39.549,96213.0
2025-08-31 00:00:00,39.71,40.526,39.53,40.452,41324.0
2025-09-01 00:00:00,40.452,40.845,40.366,40.746,126428.0
2025-09-02 00:00:00,40.745,40.965,40.127,40.673,163002.0
2025-09-03 00:00:00,40.672,41.457,40.508,40.722,198409.0
2025-09-04 00:00:00,40.721,41.032,40.39,40.841,160711.0
2025-09-05 00:00:00,40.842,41.407,40.554,40.984,168176.0
2025-09-07 00:00:00,40.937,41.054,40.574,40.606,37111.0
2025-09-08 00:00:00,40.6,41.659,40.519,41.295,152482.0
2025-09-09 00:00:00,41.291,41.468,40.693,41.025,165544.0
2025-09-10 00:00:00,41.026,41.275,40.955,41.082,132014.0
2025-09-11 00:00:00,41.083,42.092,40.861,42.046,159928.0
2025-09-12 00:00:00,42.04,42.45,41.804,42.161,115030.0
2025-09-14 00:00:00,42.175,42.303,41.997,42.28,26260.0
2025-09-15 00:00:00,42.281,42.739,42.016,42.563,127914.0
2025-09-16 00:00:00,42.567,42.964,41.77,41.993,137143.0
2025-09-17 00:00:00,41.995,42.225,41.08,41.486,177471.0
2025-09-18 00:00:00,41.481,42.29,41.189,42.27,132497.0
2025-09-19 00:00:00,42.269,43.092,41.94,43.064,100582.0
2025-09-21 00:00:00,43.097,43.58,43.004,43.53,25349.0
2025-09-22 00:00:00,43.529,44.106,43.337,43.82,127913.0
2025-09-23 00:00:00,43.821,44.455,43.647,44.087,140844.0
2025-09-24 00:00:00,44.085,44.308,43.656,43.961,132928.0
2025-09-25 00:00:00,43.962,45.219,43.844,44.782,168826.0
2025-09-26 00:00:00,44.783,46.617,44.673,46.041,134660.0
2025-09-28 00:00:00,46.137,47.0,45.932,46.791,42337.0
2025-09-29 00:00:00,46.79,47.17,46.48,47.022,185379.0
2025-09-30 00:00:00,47.023,47.547,45.8,47.083,197238.0
2025-10-01 00:00:00,47.083,47.82,46.669,47.237,189253.0
2025-10-02 00:00:00,47.246,48.038,45.893,46.81,186562.0
2025-10-03 00:00:00,46.806,48.36,46.793,47.906,150753.0
2025-10-05 00:00:00,48.054,48.575,47.93,48.539,33119.0
2025-10-06 00:00:00,48.535,48.757,48.053,48.497,165028.0
2025-10-07 00:00:00,48.496,48.634,47.315,48.344,208794.0
2025-10-08 00:00:00,48.346,49.537,48.346,48.867,233285.0
2025-10-09 00:00:00,48.866,51.223,48.221,49.114,214562.0
2025-10-10 00:00:00,49.113,51.107,48.6,49.323,281132.0
2025-10-12 00:00:00,49.323,51.452,49.323,51.061,17102.0
2025-10-13 00:00:00,51.055,53.353,49.423,53.114,156937.0
2025-10-14 00:00:00,53.107,53.424,49.918,52.121,257873.0
2025-10-15 00:00:00,52.122,53.311,51.929,53.116,227150.0
2025-10-16 00:00:00,53.116,54.356,52.375,54.212,335136.0
2025-10-17 00:00:00,54.212,54.442,50.493,51.527,272744.0
2025-10-19 00:00:00,51.527,52.247,50.893,52.146,58504.0
2025-10-20 00:00:00,52.147,52.753,51.416,51.86,217540.0
2025-10-21 00:00:00,51.861,52.046,47.451,48.916,335407.0
2025-10-22 00:00:00,48.916,49.269,47.653,48.494,327504.0
2025-10-23 00:00:00,48.493,49.44,48.292,48.629,252616.0
2025-10-24 00:00:00,48.633,48.941,47.81,48.547,215708.0
2025-10-25 00:00:00,48.547,48.547,48.547,48.547,0.0
2025-10-26 00:00:00,48.547,48.547,47.698,47.972,61959.0
2025-10-27 00:00:00,47.972,48.363,46.067,46.625,222762.0
2025-10-28 00:00:00,46.63,47.6,45.513,47.388,212003.0
2025-10-29 00:00:00,47.388,48.445,47.236,47.781,249470.0
2025-10-30 00:00:00,47.781,49.229,47.411,48.892,197527.0
2025-10-31 00:00:00,48.887,49.343,48.361,48.642,157957.0
2025-11-02 00:00:00,48.424,48.896,48.194,48.784,46445.0
2025-11-03 00:00:00,48.783,49.095,47.614,48.081,210016.0
2025-11-04 00:00:00,48.078,48.114,46.855,47.689,252707.0
2025-11-05 00:00:00,47.689,48.301,47.475,48.258,195556.0
2025-11-06 00:00:00,48.257,48.781,47.641,48.458,196073.0
2025-11-07 00:00:00,48.455,48.861,47.959,48.088,175468.0
2025-11-09 00:00:00,48.088,49.278,48.088,49.209,52940.0
2025-11-10 00:00:00,49.21,51.127,49.153,50.971,226832.0
2025-11-11 00:00:00,50.968,51.356,50.272,51.063,212025.0
2025-11-12 00:00:00,51.064,54.306,50.985,53.948,279993.0
2025-11-13 00:00:00,53.947,54.389,52.044,53.056,291788.0
2025-11-14 00:00:00,53.057,53.115,50.043,50.543,263325.0
2025-11-16 00:00:00,50.543,51.188,50.262,50.835,65978.0
2025-11-17 00:00:00,50.836,51.298,49.416,49.6,270001.0
2025-11-18 00:00:00,49.599,51.271,49.345,50.884,240710.0
2025-11-19 00:00:00,50.889,52.46,50.359,51.301,301613.0
2025-11-20 00:00:00,51.298,51.412,49.532,49.707,338638.0
2025-11-21 00:00:00,49.706,50.66,48.616,49.976,287857.0
2025-11-23 00:00:00,49.976,50.364,49.707,49.861,42633.0
2025-11-24 00:00:00,49.86,51.594,49.77,51.49,202181.0
2025-11-25 00:00:00,51.49,52.056,50.68,52.007,216331.0
2025-11-26 00:00:00,52.007,53.444,51.735,52.832,206698.0
2025-11-27 00:00:00,52.832,54.19,52.818,53.69,113892.0
2025-11-28 00:00:00,53.69,56.528,52.158,56.365,85550.0
2025-11-30 00:00:00,56.365,57.86,56.024,57.235,77661.0
2025-12-01 00:00:00,57.235,58.839,56.427,57.179,316682.0
2025-12-02 00:00:00,57.178,58.937,56.652,58.75,263743.0
2025-12-03 00:00:00,58.748,58.968,57.483,58.153,241033.0
2025-12-04 00:00:00,58.151,58.237,56.435,57.738,258320.0
2025-12-05 00:00:00,57.74,59.324,57.637,58.291,224266.0
2025-12-07 00:00:00,58.291,58.606,57.504,57.95,53814.0
2025-12-08 00:00:00,57.95,58.534,57.624,58.226,232789.0
2025-12-09 00:00:00,58.224,61.467,57.582,61.079,267992.0
2025-12-10 00:00:00,61.076,62.883,59.822,61.891,285784.0
2025-12-11 00:00:00,61.89,64.293,61.419,63.428,283764.0
2025-12-12 00:00:00,63.429,64.648,60.735,61.867,285283.0
2025-12-14 00:00:00,61.867,62.812,61.729,62.598,53408.0
2025-12-15 00:00:00,62.599,64.16,62.217,62.845,312718.0
2025-12-16 00:00:00,62.845,66.059,62.13,65.967,311078.0
2025-12-17 00:00:00,65.968,66.887,65.092,66.294,333047.0
2025-12-18 00:00:00,66.289,66.612,64.424,65.41,298700.0
2025-12-19 00:00:00,65.411,67.445,65.228,67.066,211359.0
2025-12-21 00:00:00,67.066,69.437,67.062,69.338,56786.0
2025-12-22 00:00:00,69.333,69.987,68.113,69.6,254832.0
2025-12-23 00:00:00,69.596,72.693,68.814,72.23,317413.0
2025-12-24 00:00:00,72.229,72.5,70.177,71.731,201081.0
2025-12-25 00:00:00,71.731,75.121,71.428,74.641,76834.0
2025-12-26 00:00:00,74.64,79.301,73.571,78.96,265183.0
2025-12-28 00:00:00,78.96,83.968,74.621,79.779,118012.0
2025-12-29 00:00:00,79.773,80.497,70.49,74.446,408684.0
2025-12-30 00:00:00,74.447,78.052,71.485,71.676,376394.0
2025-12-31 00:00:00,71.677,73.759,70.049,71.537,310479.0
2026-01-01 00:00:00,71.663,73.68,70.909,73.358,52602.0
2026-01-02 00:00:00,73.359,74.555,71.398,72.819,285198.0
2026-01-04 00:00:00,72.819,76.344,72.819,75.469,76070.0
2026-01-05 00:00:00,75.468,79.075,74.575,78.669,343593.0
2026-01-06 00:00:00,78.667,82.751,77.424,79.644,371329.0
2026-01-07 00:00:00,79.644,80.19,76.343,77.616,350456.0
2026-01-08 00:00:00,77.615,77.631,73.827,76.595,387866.0
2026-01-09 00:00:00,76.594,80.499,76.279,79.851,254617.0
2026-01-11 00:00:00,79.851,83.989,79.851,83.422,86876.0
2026-01-12 00:00:00,83.422,86.234,83.274,85.688,357044.0
2026-01-13 00:00:00,85.689,91.545,84.557,90.685,368046.0
2026-01-14 00:00:00,90.692,93.49,85.632,87.746,441812.0
2026-01-15 00:00:00,87.745,93.022,86.855,90.852,382419.0
2026-01-16 00:00:00,90.856,91.873,86.834,90.078,308707.0
2026-01-18 00:00:00,90.078,94.077,90.078,92.783,90956.0
2026-01-19 00:00:00,92.779,94.664,92.4,94.225,187549.0
2026-01-20 00:00:00,94.235,95.86,93.118,94.337,360300.0
2026-01-21 00:00:00,94.333,95.319,90.297,93.334,381089.0
2026-01-22 00:00:00,93.334,99.167,92.857,98.649,300251.0
2026-01-23 00:00:00,98.648,103.333,97.521,103.155,266140.0
2026-01-25 00:00:00,103.155,109.448,103.155,108.062,116776.0
2026-01-26 00:00:00,108.06,117.725,100.962,108.17,596158.0
2026-01-27 00:00:00,108.196,115.657,104.949,115.632,544118.0
2026-01-28 00:00:00,115.629,119.402,110.48,118.402,552955.0
2026-01-29 00:00:00,118.395,121.647,106.212,111.069,677741.0
2026-01-30 00:00:00,111.023,112.467,73.406,85.286,551781.0
2026-02-01 00:00:00,81.97,87.91,74.974,79.005,184691.0
2026-02-02 00:00:00,79.006,85.603,71.192,83.359,608560.0
2026-02-03 00:00:00,83.362,89.176,82.61,88.236,532587.0
2026-02-04 00:00:00,88.236,92.166,73.382,76.145,487089.0
2026-02-05 00:00:00,76.104,81.054,63.994,72.417,524061.0
2026-02-06 00:00:00,72.36,78.115,71.434,77.816,254928.0
2026-02-08 00:00:00,77.816,82.103,77.816,81.71,81840.0
2026-02-09 00:00:00,81.719,84.013,78.68,81.33,321681.0
2026-02-10 00:00:00,81.326,83.026,79.915,82.428,256889.0
2026-02-11 00:00:00,82.431,86.291,81.469,83.443,313529.0
2026-02-12 00:00:00,83.446,84.209,73.621,77.028,334308.0
2026-02-13 00:00:00,77.021,79.331,75.908,77.276,255956.0
2026-02-15 00:00:00,77.276,77.463,74.126,75.255,48006.0
2026-02-16 00:00:00,75.251,77.348,72.958,75.177,116134.0
2026-02-17 00:00:00,75.179,75.85,71.925,75.833,321742.0
2026-02-18 00:00:00,75.834,78.313,75.073,77.883,249328.0
2026-02-19 00:00:00,77.885,79.473,77.17,78.184,261468.0
2026-02-20 00:00:00,78.185,84.637,78.185,84.507,241681.0
2026-02-22 00:00:00,84.507,87.8,84.507,87.153,53898.0
2026-02-23 00:00:00,87.152,89.03,84.805,86.826,287623.0
2026-02-24 00:00:00,86.808,89.807,85.361,89.355,325962.0
2026-02-25 00:00:00,89.368,91.272,87.213,89.28,327786.0
2026-02-26 00:00:00,89.281,90.065,85.184,89.489,325816.0
2026-02-27 00:00:00,89.488,94.127,89.059,93.678,256334.0
2026-03-01 00:00:00,94.75,96.386,91.994,93.763,111955.0
2026-03-02 00:00:00,93.755,96.167,86.455,89.671,425970.0
2026-03-03 00:00:00,89.672,90.11,77.877,84.651,518848.0
2026-03-04 00:00:00,84.648,86.794,82.103,84.464,217413.0
2026-03-05 00:00:00,84.464,84.941,80.307,83.988,222972.0
2026-03-06 00:00:00,83.988,84.884,81.644,84.086,164867.0
2026-03-07 00:00:00,84.086,84.086,84.086,84.086,0.0
2026-03-08 00:00:00,84.086,84.086,79.448,82.411,25363.0
2026-03-09 00:00:00,82.411,89.826,82.236,88.177,168930.0
2026-03-10 00:00:00,88.177,89.677,86.852,88.06,155318.0
2026-03-11 00:00:00,88.046,88.165,83.776,84.249,130251.0
2026-03-12 00:00:00,84.237,87.393,82.928,84.154,177232.0
2026-03-13 00:00:00,84.168,84.411,79.401,80.498,180600.0
2026-03-14 00:00:00,80.498,80.498,80.498,80.498,0.0
2026-03-15 00:00:00,80.498,81.379,78.304,79.924,19491.0
2026-03-16 00:00:00,79.937,82.366,77.032,82.28,159024.0
2026-03-17 00:00:00,82.293,82.305,77.956,78.391,132632.0
2026-03-18 00:00:00,78.379,80.036,74.909,75.543,181309.0
2026-03-19 00:00:00,75.565,75.855,65.979,73.647,265657.0
2026-03-20 00:00:00,73.647,73.651,67.593,67.873,185784.0
